-- -----------------------------------------------------
-- Add data in table `donkeyair`.`customer`
-- -----------------------------------------------------


INSERT INTO `customer` (`email`,`password`,`last_name`,`first_name`,`title`)
VALUES
  ("a.aliquet@outlook.ca",SHA1("SOH60ORU8VJ"),"Gray","Brenden","M"),
  ("consectetuer.euismod@hotmail.com",SHA1("RHU46ICI1JX"),"Martin","Anne","M"),
  ("massa.integer@aol.com",SHA1("XBJ18AYR1MU"),"Finch","Orla","Mme"),
  ("primis.in.faucibus@outlook.org",SHA1("KDH98CWU4CK"),"Gamble","Clayton","M"),
  ("ante.ipsum@aol.ca",SHA1("XLL61HCB5NG"),"Cummings","Orson","Mme");


-- -----------------------------------------------------
-- Add data in table `donkeyair`.`class`
-- -----------------------------------------------------


INSERT INTO `class` (`name`,`multiplier_coefficient`)
VALUES
  ("Économique", 1),
	("Affaire", 2),
  ("Première", 4);
  

-- -----------------------------------------------------
-- Add data in table donkeyair.option
-- -----------------------------------------------------


INSERT INTO `option` (name,`multiplier_coefficient`,`additional_luggage`,`modifiable_ticket`,`refundable_ticket`) 
VALUES
  ("Basic", 1,0,0,0),
  ("Plus", 1.03,1,1,0),
  ("Max", 1.08,1,1,1);


  -- -----------------------------------------------------
-- Add data in table `donkeyair`.`booking`
-- -----------------------------------------------------


INSERT INTO `booking` (`customer_id`,`option_id`)
VALUES
  (2,1),
  (5,2),
  (4,2),
  (1,1),
  (2,1),
  (1,2),
  (3,2),
  (5,3),
  (4,3),
  (3,1),
  (4,2);


-- -----------------------------------------------------
-- Add data in table `donkeyair`.`passenger`
-- -----------------------------------------------------

INSERT INTO `passenger` (`last_name`,`first_name`,`title`)
VALUES
  ("Hensley","Cedric","M"),
  ("Harrell","Aristotle","Mme"),
  ("Frye","Kai","M"),
  ("Mccarthy","Maya","M"),
  ("Barnes","Latifah","M");


-- -----------------------------------------------------
-- Add data in table `donkeyair`.`country`
-- -----------------------------------------------------


INSERT INTO `country` (`code`,`name`)
VALUES
  ('PF','French Polynesia'),
  ('DZ','Algeria'),
  ('DK','Denmark'),
  ('ZA','South Africa'),
  ('AE','United Arab Emirates'),
  ('RU','Russia'),
  ('CN','China'),
  ('BR','Brazil'),
  ('YE','Yemen'),
  ('ES','Spain'),
  ('IR','Iran'),
  ('US','United States'),
  ('CI','Ivory Coast'),
  ('ET','Ethiopia'),
  ('AU','Australia'),
  ('EG','Egypt'),
  ('SA','Saudi Arabia'),
  ('NG','Nigeria'),
  ('GB','United Kingdom'),
  ('MX','Mexico'),
  ('GH','Ghana'),
  ('CH','Switzerland'),
  ('TR','Turkey'),
  ('JO','Jordan'),
  ('CO','Colombia'),
  ('TD','Chad'),
  ('AR','Argentina'),
  ('NO','Norway'),
  ('IS','Iceland'),
  ('SB','Solomon Islands'),
  ('MA','Morocco'),
  ('FR','France'),
  ('SE','Sweden'),
  ('GL','Greenland'),
  ('IN','India'),
  ('PY','Paraguay'),
  ('VE','Venezuela'),
  ('IT','Italy'),
  ('HN','Honduras'),
  ('CK','Cook Islands'),
  ('KM','Comoros'),
  ('LY','Libya'),
  ('JP','Japan'),
  ('NZ','New Zealand'),
  ('CA','Canada'),
  ('KZ','Kazakhstan'),
  ('MM','Myanmar'),
  ('SY','Syrian Arab Republic'),
  ('ID','Indonesia'),
  ('NL','Netherlands'),
  ('MG','Madagascar'),
  ('CL','Chile'),
  ('BE','Belgium'),
  ('PE','Peru'),
  ('AG','Antigua And Barbuda'),
  ('GR','Greece'),
  ('MY','Malaysia'),
  ('MZ','Mozambique'),
  ('WS','Samoa'),
  ('TZ','Tanzania'),
  ('RO','Romania'),
  ('ER','Eritrea'),
  ('TM','Turkmenistan'),
  ('BS','Bahamas'),
  ('SH','Saint Helena'),
  ('KE','Kenya'),
  ('SD','Sudan'),
  ('MR','Mauritania'),
  ('AW','Aruba'),
  ('VU','Vanuatu'),
  ('PG','Papua New Guinea'),
  ('AI','Anguilla'),
  ('UZ','Uzbekistan'),
  ('DO','Dominican Republic'),
  ('PH','Philippines'),
  ('BH','Bahrain'),
  ('BW','Botswana'),
  ('SO','Somalia'),
  ('CU','Cuba'),
  ('CR','Costa Rica'),
  ('BM','Bermuda'),
  ('NP','Nepal'),
  ('RS','Serbia'),
  ('DE','Germany'),
  ('LB','Lebanon'),
  ('TH','Thailand'),
  ('CF','Central African Republic'),
  ('BB','Barbados'),
  ('IQ','Iraq'),
  ('PK','Pakistan'),
  ('MH','Marshall Islands'),
  ('GM','Gambia'),
  ('BI','Burundi'),
  ('ML','Mali'),
  ('CD','Congo [kinshasa]'),
  ('MW','Malawi'),
  ('VN','Vietnam'),
  ('NC','New Caledonia'),
  ('BA','Bosnia And Herzegovina'),
  ('PA','Panama'),
  ('BG','Bulgaria'),
  ('BQ','Bes Islands'),
  ('BF','Burkina Faso'),
  ('PR','Puerto Rico'),
  ('CZ','Czech Republic'),
  ('GQ','Equatorial Guinea'),
  ('SK','Slovakia'),
  ('HU','Hungary'),
  ('ZW','Zimbabwe'),
  ('GE','Georgia'),
  ('HR','Croatia'),
  ('BN','Brunei'),
  ('MN','Mongolia'),
  ('BZ','Belize'),
  ('PL','Poland'),
  ('BD','Bangladesh'),
  ('CG','Congo [brazzaville]'),
  ('AO','Angola'),
  ('HT','Haiti'),
  ('GF','French Guiana'),
  ('BO','Bolivia'),
  ('CC','Cocos [keeling] Islands'),
  ('IE','Ireland'),
  ('ZM','Zambia'),
  ('VC','Saint Vincent And The Grenadines'),
  ('KR','South Korea'),
  ('GN','Guinea'),
  ('LK','Sri Lanka'),
  ('BJ','Benin'),
  ('SN','Senegal'),
  ('EC','Ecuador'),
  ('CW','Curacao'),
  ('PT','Portugal'),
  ('UA','Ukraine'),
  ('KI','Kiribati'),
  ('KY','Cayman Islands'),
  ('TW','Taiwan'),
  ('DM','Dominica'),
  ('TL','East Timor'),
  ('TN','Tunisia'),
  ('CM','Cameroon'),
  ('QA','Qatar'),
  ('TJ','Tajikistan'),
  ('YT','Mayotte'),
  ('UG','Uganda'),
  ('CY','Cyprus'),
  ('VG','Virgin Islands, British'),
  ('FI','Finland'),
  ('NA','Namibia'),
  ('IL','Israel'),
  ('TO','Tonga'),
  ('AM','Armenia'),
  ('FO','Faroe Islands'),
  ('MQ','Martinique'),
  ('SL','Sierra Leone'),
  ('KP','North Korea'),
  ('GT','Guatemala'),
  ('KG','Kyrgyzstan'),
  ('PM','Saint Pierre And Miquelon'),
  ('TV','Tuvalu'),
  ('WF','Wallis And Futuna'),
  ('MV','Maldives'),
  ('GA','Gabon'),
  ('GP','Guadeloupe'),
  ('TC','Turks And Caicos Islands'),
  ('GY','Guyana'),
  ('GI','Gibraltar'),
  ('GD','Grenada'),
  ('AT','Austria'),
  ('GU','Guam'),
  ('AZ','Azerbaijan'),
  ('AF','Afghanistan'),
  ('HK','Hong Kong'),
  ('LA','Laos'),
  ('FJ','Fiji'),
  ('NR','Nauru'),
  ('NU','Niue'),
  ('DJ','Djibouti'),
  ('EE','Estonia'),
  ('RW','Rwanda'),
  ('OM','Oman'),
  ('JM','Jamaica'),
  ('MD','Moldova'),
  ('FM','Micronesia'),
  ('LT','Lithuania'),
  ('KW','Kuwait'),
  ('TG','Togo'),
  ('SI','Slovenia'),
  ('LV','Latvia'),
  ('LU','Luxembourg'),
  ('SJ','Svalbard And Jan Mayen'),
  ('MC','Monaco'),
  ('MO','Macau'),
  ('NI','Nicaragua'),
  ('BY','Belarus'),
  ('MT','Malta'),
  ('CV','Cape Verde'),
  ('FK','Falkland Islands'),
  ('MU','Mauritius'),
  ('LS','Lesotho'),
  ('SZ','Swaziland'),
  ('UY','Uruguay'),
  ('KN','Saint Kitts And Nevis'),
  ('NE','Niger'),
  ('NF','Norfolk Island'),
  ('MK','Macedonia'),
  ('GW','Guinea-Bissau'),
  ('KH','Cambodia'),
  ('BT','Bhutan'),
  ('SR','Suriname'),
  ('TT','Trinidad And Tobago'),
  ('AS','American Samoa'),
  ('SC','Seychelles'),
  ('LR','Liberia'),
  ('MP','Mariana Islands'),
  ('PW','Palau'),
  ('RE','Reunion'),
  ('SV','El Salvador'),
  ('SG','Singapore'),
  ('VI','Virgin Islands, U.S.'),
  ('SX','Sint Maarten'),
  ('ME','Montenegro'),
  ('AL','Albania'),
  ('ST','Sao Tome And Principe'),
  ('LC','Saint Lucia'),
  ('CX','Christmas Island');


-- -----------------------------------------------------
-- Add data in table `donkeyair`.`airport`
-- -----------------------------------------------------


INSERT INTO `airport` (`code`,`name`,`country_code`)
VALUES 
  ('AAA','Anaa','PF'),
  ('AAE','Annaba Les Salines','DZ'),
  ('AAL','Aalborg','DK'),
  ('AAM','Mala Mala','ZA'),
  ('AAN','Al Ain','AE'),
  ('AAQ','Anapa','RU'),
  ('AAR','Aarhus Tirstrup','DK'),
  ('AAT','Altay','CN'),
  ('AAX','Araxa','BR'),
  ('AAY','Al Ghaydah','YE'),
  ('ABA','Abakan','RU'),
  ('ABC','Albacete Los Llanos','ES'),
  ('ABD','Abadan','IR'),
  ('ABE','Allentown Bethlehem Easton Lehigh Valley Intl','US'),
  ('ABI','Abilene Regional Airport','US'),
  ('ABJ','Abidjan Felix Houphouet Boigny','CI'),
  ('ABK','Kabri Dar','ET'),
  ('ABL','Ambler','US'),
  ('ABM','Bamaga','AU'),
  ('ABQ','Albuquerque International','US'),
  ('ABR','Aberdeen Municipal','US'),
  ('ABS','Abu Simbel','EG'),
  ('ABT','Al Baha Al Aqiq','SA'),
  ('ABV','Abuja International','NG'),
  ('ABX','Albury','AU'),
  ('ABY','Albany Dougherty County','US'),
  ('ABZ','Aberdeen Dyce','GB'),
  ('ACA','Acapulco Juan Alvarez International','MX'),
  ('ACC','Accra Kotoka','GH'),
  ('ACE','Lanzarote','ES'),
  ('ACH','Altenrhein','CH'),
  ('ACI','Alderney The Blaye','GB'),
  ('ACK','Nantucket Memorial','US'),
  ('ACS','Achinsk','RU'),
  ('ACT','Waco Metropolitan Area','US'),
  ('ACV','Eureka Arcata','US'),
  ('ACY','Atlantic City Intl','US'),
  ('ACZ','P Zabol A','IR'),
  ('ADA','Adana','TR'),
  ('ADB','Izmir Adnan Menderes Arpt','TR'),
  ('ADD','Addis Ababa Bole','ET'),
  ('ADE','Aden International','YE'),
  ('ADF','Adiyaman','TR'),
  ('ADJ','Amman Civil Marka Airport','JO'),
  ('ADK','Adak Island NS','US'),
  ('ADL','Adelaide','AU'),
  ('ADQ','Kodiak Airport','US'),
  ('ADU','Ardabil','IR'),
  ('ADX','St Andrews Leuchars','GB'),
  ('ADZ','San Andres Island','CO'),
  ('AEH','Abecher','TD'),
  ('AEP','Buenos Aires Arpt Jorge Newbery','AR'),
  ('AER','Sochi International Airport','RU'),
  ('AES','Aalesund Vigra','NO'),
  ('AET','Allakaket','US'),
  ('AEX','Alexandria Internation','US'),
  ('AEY','Akureyri','IS'),
  ('AFA','San Rafael','AR'),
  ('AFL','Alta Floresta','BR'),
  ('AFT','Afutara Aerodrome','SB'),
  ('AGA','Agadir Almassira','MA'),
  ('AGF','Agen La Garenne','FR'),
  ('AGH','Helsingborg Angelholm','SE'),
  ('AGM','Tasiilaq','GL'),
  ('AGN','Angoon','US'),
  ('AGP','Malaga','ES'),
  ('AGR','Agra Kheria','IN'),
  ('AGS','Augusta Bush Field','US'),
  ('AGT','Ciudad del Este Alejo Garcia','PY'),
  ('AGU','Aguascalientes','MX'),
  ('AGV','Acarigua','VE'),
  ('AGX','Agatti Island','IN'),
  ('AHB','Abha','SA'),
  ('AHC','Herlong Amedee AAF','US'),
  ('AHE','Ahe Airport','PF'),
  ('AHO','Alghero Fertilia','IT'),
  ('AHS','Ahuas','HN'),
  ('AHU','Al Hoceima Charif Al Idrissi','MA'),
  ('AIA','Alliance','US'),
  ('AIN','Wainwright','US'),
  ('AIT','Aitutaki','CK'),
  ('AIU','Atiu Island','CK'),
  ('AIY','Atlantic City Bader Field','US'),
  ('AJA','Ajaccio Campo Dell Oro','FR'),
  ('AJF','Jouf','SA'),
  ('AJI','Agri','TR'),
  ('AJL','Aizawl','IN'),
  ('AJN','Anjouan Ouani','KM'),
  ('AJP','Sabre Tech Off line Point','US'),
  ('AJR','Arvidsjaur','SE'),
  ('AJU','Aracaju','BR'),
  ('AKA','Ankang','CN'),
  ('AKB','Atka','US'),
  ('AKF','Kufrah','LY'),
  ('AKI','Akiak','US'),
  ('AKJ','Asahikawa','JP'),
  ('AKK','Akhiok SPB','US'),
  ('AKL','Auckland Jean Batten','NZ'),
  ('AKN','King Salmon','US'),
  ('AKP','Anaktuvuk','US'),
  ('AKS','Auki Gwaunaruu','SB'),
  ('AKU','Aksu','CN'),
  ('AKV','Akulivik','CA'),
  ('AKX','Aktyubinsk','KZ'),
  ('AKY','Sittwe Civil','MM'),
  ('ALA','Almaty','KZ'),
  ('ALB','Albany International','US'),
  ('ALC','Alicante','ES'),
  ('ALF','Alta','NO'),
  ('ALG','Algiers Houari Boumediene','DZ'),
  ('ALH','Albany','AU'),
  ('ALM','Alamogordo Municipal','US'),
  ('ALO','Waterloo','US'),
  ('ALP','Aleppo Nejrab','SY'),
  ('ALS','Alamosa Municipal','US'),
  ('ALW','Walla Walla','US'),
  ('ALY','Alexandria El Nohza','EG'),
  ('ALZ','Alitak SPB','US'),
  ('AMA','Amarillo International','US'),
  ('AMD','Ahmedabad','IN'),
  ('AMH','Arba Mintch','ET'),
  ('AMI','Mataram Selaparang','ID'),
  ('AMM','Amman Queen Alia Intl','JO'),
  ('AMQ','Ambon Pattimura','ID'),
  ('AMS','Amsterdam Schiphol','NL'),
  ('AMV','Amderma','RU'),
  ('AMY','Ambatomainty','MG'),
  ('ANC','Anchorage International','US'),
  ('ANE','Angers Marce','FR'),
  ('ANF','Antofagasta Cerro Moreno','CL'),
  ('ANI','Aniak','US'),
  ('ANK','Ankara Etimesgut','TR'),
  ('ANM','Antalaha Antsirabato','MG'),
  ('ANR','Antwerp Deurne','BE'),
  ('ANS','Andahuaylas','PE'),
  ('ANU','Antigua VC Bird Intl','AG'),
  ('ANV','Anvik','US'),
  ('ANX','Andenes','NO'),
  ('AOE','Eskisehir Anadolu University','TR'),
  ('AOI','Ancona Falconara','IT'),
  ('AOJ','Aomori','JP'),
  ('AOK','Karpathos','GR'),
  ('AOO','Altoona Martinsburg','US'),
  ('AOR','Alor Setar','MY'),
  ('AOS','Amook','US'),
  ('APA','Denver Arapahoe Co','US'),
  ('APF','Naples','US'),
  ('APK','Apataki','PF'),
  ('APL','Nampula','MZ'),
  ('APN','Alpena County Regional','US'),
  ('APO','Apartado','CO'),
  ('APW','Apia Faleolo','WS'),
  ('AQG','Anqing','CN'),
  ('AQI','Qaisumah','SA'),
  ('AQJ','Aqaba King Hussein Intl','JO'),
  ('AQP','Arequipa Rodriguez Ballon','PE'),
  ('ARA','New Iberia Acadiana Regional','US'),
  ('ARC','Arctic Village','US'),
  ('ARH','Arkhangelsk','RU'),
  ('ARI','Arica Chacalluta','CL'),
  ('ARK','Arusha','TZ'),
  ('ARM','Armidale','AU'),
  ('ARN','Stockholm Arlanda','SE'),
  ('ART','Watertown','US'),
  ('ARU','Aracatuba','BR'),
  ('ARV','Minocqua Noble F Lee','US'),
  ('ARW','Arad','RO'),
  ('ASA','Assab','ER'),
  ('ASB','Ashgabat','TM'),
  ('ASD','Andros Town','BS'),
  ('ASE','Aspen','US'),
  ('ASF','Astrakhan','RU'),
  ('ASI','Georgetown Wideawake Fld','SH'),
  ('ASJ','Amami O Shima','JP'),
  ('ASM','Asmara International','ER'),
  ('ASO','Asosa','ET'),
  ('ASP','Alice Springs','AU'),
  ('ASR','Kayseri','TR'),
  ('ASU','Asuncion Silvio Pettirossi','PY'),
  ('ASV','Amboseli','KE'),
  ('ASW','Aswan','EG'),
  ('ATB','Atbara','SD'),
  ('ATC','Arthurs Town','BS'),
  ('ATD','Atoifi','SB'),
  ('ATH','Athens Eleftherios Venizelos','GR'),
  ('ATK','Atqasuk','US'),
  ('ATL','Atlanta Hartsfield Jackson','US'),
  ('ATM','Altamira','BR'),
  ('ATQ','Amritsar Raja Sansi','IN'),
  ('ATR','Atar Mouakchott','MR'),
  ('ATT','Atmautluak','US'),
  ('ATW','Appleton International Airport','US'),
  ('ATY','Watertown','US'),
  ('ATZ','Assiut','EG'),
  ('AUA','Aruba Reina Beatrix','AW'),
  ('AUC','Arauca','CO'),
  ('AUG','Augusta','US'),
  ('AUH','Abu Dhabi Intl','AE'),
  ('AUK','Alakanuk','US'),
  ('AUQ','Atuona','PF'),
  ('AUR','Aurillac','FR'),
  ('AUS','Austin Bergstrom Intl','US'),
  ('AUU','Aurukun Mission','AU'),
  ('AUW','Wausau','US'),
  ('AUX','Araguaina','BR'),
  ('AUY','Aneityum','VU'),
  ('AVL','Asheville Asheville Regional Hendersonville','US'),
  ('AVN','Avignon Caum','FR'),
  ('AVP','Scranton Wilkes Barre International','US'),
  ('AVU','Avu Avu','SB'),
  ('AVV','Melbourne Avalon','AU'),
  ('AWB','Awaba','PG'),
  ('AWD','Aniwa','VU'),
  ('AWZ','Ahwaz','IR'),
  ('AXA','Anguilla Wallblake','AI'),
  ('AXD','Alexandroupolis Demokritos Airport','GR'),
  ('AXM','Armenia El Eden','CO'),
  ('AXP','Spring Point Springpoint Arpt','BS'),
  ('AXR','Arutua','PF'),
  ('AXT','Akita','JP'),
  ('AXU','Axum','ET'),
  ('AYP','Ayacucho Yanamilla','PE'),
  ('AYQ','Ayers Rock Connellan','AU'),
  ('AYT','Antalya','TR'),
  ('AZD','Yazd','IR'),
  ('AZN','Andizhan','UZ'),
  ('AZO','Kalamazoo Battle Creek Intl','US'),
  ('AZR','Adrar','DZ'),
  ('AZS','Samana International','DO'),
  ('BAG','Baguio Loakan','PH'),
  ('BAH','Bahrain International','BH'),
  ('BAL','Batman','TR'),
  ('BAQ','Barranquilla E Cortissoz','CO'),
  ('BAS','Balalae','SB'),
  ('BAU','Bauru','BR'),
  ('BAV','Baotou','CN'),
  ('BAX','Barnaul','RU'),
  ('BAY','Baia Mare','RO'),
  ('BBA','Balmaceda Teniente Vidal','CL'),
  ('BBI','Bhubaneswar','IN'),
  ('BBK','Kasane','BW'),
  ('BBN','Bario','MY'),
  ('BBO','Berbera','SO'),
  ('BBS','Blackbush','GB'),
  ('BBU','Bucharest Baneasa','RO'),
  ('BCA','Baracoa','CU'),
  ('BCD','Bacolod','PH'),
  ('BCI','Barcaldine','AU'),
  ('BCL','Barra Colorado','CR'),
  ('BCM','Bacau','RO'),
  ('BCN','Barcelona','ES'),
  ('BDA','Bermuda Bermuda International Hamilton','BM'),
  ('BDB','Bundaberg','AU'),
  ('BDD','Badu Island','AU'),
  ('BDH','Bandar Lengeh','IR'),
  ('BDJ','Banjarmasin Sjamsudin Noor','ID'),
  ('BDL','Hartford Springfield Windsor Locks Bradley International','US'),
  ('BDO','Bandung Husein Sastranegara','ID'),
  ('BDP','Bhadrapur','NP'),
  ('BDQ','Vadodara','IN'),
  ('BDR','Bridgeport Igor I Sikorsky Mem','US'),
  ('BDS','Brindisi Papola Casale','IT'),
  ('BEB','Benbecula','GB'),
  ('BEG','Belgrade Beograd','RS'),
  ('BEL','Belem Val De Cans','BR'),
  ('BEN','Benghazi Benina Intl','LY'),
  ('BEP','Bellary','IN'),
  ('BER','Berlin','DE'),
  ('BES','Brest Guipavas','FR'),
  ('BET','Bethel Airport','US'),
  ('BEU','Bedourie','AU'),
  ('BEW','Beira','MZ'),
  ('BEY','Beirut International','LB'),
  ('BFD','Bradford','US'),
  ('BFE','Bielefeld','DE'),
  ('BFF','Scottsbluff Scotts Bluff County','US'),
  ('BFI','Seattle Boeing Fld Intl','US'),
  ('BFL','Bakersfield Meadows Field','US'),
  ('BFN','Bloemfontein Intl','ZA'),
  ('BFS','Belfast Intl Arpt','GB'),
  ('BFV','Buri Ram','TH'),
  ('BGA','Bucaramanga Palo Negro','CO'),
  ('BGF','Bangui','CF'),
  ('BGI','Bridgetown Grantley Adams Intl','BB'),
  ('BGM','Binghamton Endicott Johnson City','US'),
  ('BGO','Bergen Flesland','NO'),
  ('BGR','Bangor International','US'),
  ('BGW','Baghdad Al Muthana','IQ'),
  ('BGY','Milan Orio Al Serio','IT'),
  ('BHB','Bar Harbor','US'),
  ('BHD','Belfast City Airport','GB'),
  ('BHE','Blenheim','NZ'),
  ('BHG','Brus Laguna','HN'),
  ('BHH','Bisha','SA'),
  ('BHI','Bahia Blanca Comandante','AR'),
  ('BHJ','Bhuj Rudra Mata','IN'),
  ('BHK','Bukhara','UZ'),
  ('BHM','Birmingham','US'),
  ('BHO','Bhopal','IN'),
  ('BHQ','Broken Hill','AU'),
  ('BHR','Bharatpur','NP'),
  ('BHS','Bathurst Raglan','AU'),
  ('BHU','Bhavnagar','IN'),
  ('BHV','Bahawalpur','PK'),
  ('BHX','Birmingham','GB'),
  ('BHY','Beihai','CN'),
  ('BHZ','Belo Horizonte','BR'),
  ('BIA','Bastia Poretta','FR'),
  ('BID','Block Island','US'),
  ('BII','Bikini Atoll Enyu Airfield','MH'),
  ('BIK','Biak Mokmer','ID'),
  ('BIL','Billings','US'),
  ('BIM','Bimini International','BS'),
  ('BIO','Bilbao','ES'),
  ('BIQ','Biarritz Parme','FR'),
  ('BIR','Biratnagar','NP'),
  ('BIS','Bismarck','US'),
  ('BJA','Bejaia','DZ'),
  ('BJB','Bojnord','IR'),
  ('BJF','Batsfjord','NO'),
  ('BJI','Bemidji','US'),
  ('BJL','Banjul Yundum International','GM'),
  ('BJM','Bujumbura International','BI'),
  ('BJR','Bahar Dar','ET'),
  ('BJS','Beijing','CN'),
  ('BJV','Bodrum Milas Airport','TR'),
  ('BJX','Guanajuato Leon Del Bajio','MX'),
  ('BJZ','Badajoz Talaveral La Real','ES'),
  ('BKA','Moscow Bykovo','RU'),
  ('BKC','Buckland','US'),
  ('BKI','Kota Kinabalu','MY'),
  ('BKK','Bangkok International','TH'),
  ('BKL','Cleveland Burke Lakefront','US'),
  ('BKM','Bakalalan','MY'),
  ('BKO','Bamako','ML'),
  ('BKQ','Blackall','AU'),
  ('BKS','Bengkulu Padangkemiling','ID'),
  ('BKW','Beckley','US'),
  ('BKY','Bukavu Kamenbe','CD'),
  ('BLA','Barcelona Gen J A Anzoategui','VE'),
  ('BLD','Boulder City','US'),
  ('BLE','Borlange Falun Dala','SE'),
  ('BLI','Bellingham','US'),
  ('BLJ','Batna','DZ'),
  ('BLK','Blackpool','GB'),
  ('BLL','Billund','DK'),
  ('BLQ','Bologna Guglielmo Marconi','IT'),
  ('BLR','Bangalore Hindustan','IN'),
  ('BLT','Blackwater','AU'),
  ('BLV','Belleville','US'),
  ('BLZ','Blantyre Chileka','MW'),
  ('BMA','Stockholm Bromma','SE'),
  ('BME','Broome','AU'),
  ('BMI','Bloomington Normal','US'),
  ('BMK','Borkum','DE'),
  ('BMO','Bhamo','MM'),
  ('BMU','Bima','ID'),
  ('BMV','Banmethuot Phung Duc','VN'),
  ('BMW','Bordj Badji Mokhtar','DZ'),
  ('BMY','Belep Island','NC'),
  ('BNA','Nashville International','US'),
  ('BND','Bandar Abbas','IR'),
  ('BNE','Brisbane International','AU'),
  ('BNI','Benin City','NG'),
  ('BNJ','Cologne Bonn Off line Point','DE'),
  ('BNK','Ballina Byron Gateway','AU'),
  ('BNN','Bronnoysund Bronnoy','NO'),
  ('BNS','Barinas','VE'),
  ('BNX','Banja Luka','BA'),
  ('BNY','Bellona','SB'),
  ('BOB','Bora Bora Motu mute','PF'),
  ('BOC','Bocas Del Toro','PA'),
  ('BOD','Bordeaux Airport','FR'),
  ('BOG','Bogota Eldorado','CO'),
  ('BOH','Bournemouth International','GB'),
  ('BOI','Boise Air Term Gowen Fld','US'),
  ('BOJ','Bourgas','BG'),
  ('BOM','Mumbai Chhatrapati Shivaji','IN'),
  ('BON','Bonaire Flamingo International','BQ'),
  ('BOO','Bodo','NO'),
  ('BOS','Boston Logan International','US'),
  ('BOW','Bartow','US'),
  ('BOY','Bobo Dioulasso Borgo','BF'),
  ('BPN','Balikpapan Sepingan','ID'),
  ('BPS','Porto Seguro','BR'),
  ('BPT','Beaumont Jefferson County','US'),
  ('BPX','Bangda','CN'),
  ('BPY','Besalampy','MG'),
  ('BQK','Brunswick Glynco Jetport','US'),
  ('BQL','Boulia','AU'),
  ('BQN','Aguadilla Borinquen','PR'),
  ('BQS','Blagoveschensk','RU'),
  ('BRA','Barreiras','BR'),
  ('BRC','San Carlos DeBariloche International','AR'),
  ('BRD','Brainerd Crow Wing County','US'),
  ('BRE','Bremen','DE'),
  ('BRF','Bradford','GB'),
  ('BRI','Bari Palese','IT'),
  ('BRK','Bourke','AU'),
  ('BRL','Burlington','US'),
  ('BRM','Barquisimeto','VE'),
  ('BRN','Berne Belp','CH'),
  ('BRO','Brownsville South Padre Is Intl','US'),
  ('BRQ','Brno Turany','CZ'),
  ('BRR','Barra North Bay','GB'),
  ('BRS','Bristol','GB'),
  ('BRU','Brussels National','BE'),
  ('BRV','Bremerhaven','DE'),
  ('BRW','Barrow WRogers M Wiley Post','US'),
  ('BSA','Bossaso','SO'),
  ('BSB','Brasilia International','BR'),
  ('BSC','Bahia Solano','CO'),
  ('BSD','Baoshan','CN'),
  ('BSG','Bata','GQ'),
  ('BSH','Brighton','GB'),
  ('BSK','Biskra','DZ'),
  ('BSL','Basel Mulhouse EuroAirport Swiss','CH'),
  ('BSO','Basco','PH'),
  ('BSR','Basra International','IQ'),
  ('BSX','Bassein','MM'),
  ('BTH','Batam Hang Nadim','ID'),
  ('BTI','Barter Island','US'),
  ('BTJ','Banda Aceh Blang Bintang','ID'),
  ('BTK','Bratsk','RU'),
  ('BTL','Battle Creek WK Kellogg Regional','US'),
  ('BTM','Butte','US'),
  ('BTR','Baton Rouge Ryan','US'),
  ('BTS','Bratislava Ivanka','SK'),
  ('BTT','Bettles','US'),
  ('BTU','Bintulu','MY'),
  ('BTV','Burlington International','US'),
  ('BTZ','Bursa Airport','TR'),
  ('BUA','Buka','PG'),
  ('BUC','Burketown','AU'),
  ('BUD','Budapest Ferihegy','HU'),
  ('BUE','Buenos Aires','AR'),
  ('BUF','Buffalo Niagara Intl','US'),
  ('BUH','Bucharest','RO'),
  ('BUN','Buenaventura','CO'),
  ('BUO','Burao','SO'),
  ('BUQ','Bulawayo','ZW'),
  ('BUR','Hollywood Burbank Airport','US'),
  ('BUS','Batumi','GE'),
  ('BUX','Bunia','CD'),
  ('BUZ','Bushehr','IR'),
  ('BVA','Paris Beauvais Tille Beauvais Tille Airport','FR'),
  ('BVB','Boa Vista','BR'),
  ('BVE','Brive La Gaillarde Laroche','FR'),
  ('BVG','Berlevag','NO'),
  ('BVH','Vilhena','BR'),
  ('BVI','Birdsville','AU'),
  ('BWA','Bhairawa','NP'),
  ('BWE','Braunschweig','DE'),
  ('BWF','Barrow In Furness Walney Island','GB'),
  ('BWI','Baltimore Washington International Airport','US'),
  ('BWK','Bol','HR'),
  ('BWN','Bandar Seri Begawan Brunei International','BN'),
  ('BWT','Burnie Wynyard','AU'),
  ('BXR','Bam','IR'),
  ('BXU','Butuan','PH'),
  ('BYM','Bayamo CM de Cespedes','CU'),
  ('BYN','Bayankhongor','MN'),
  ('BZE','Belize City Philip SWGoldson Int','BZ'),
  ('BZG','Bydgoszcz','PL'),
  ('BZK','Briansk','RU'),
  ('BZL','Barisal','BD'),
  ('BZN','Bozeman Gallatin Field','US'),
  ('BZO','Bolzano','IT'),
  ('BZR','Beziers Vias','FR'),
  ('BZV','Brazzaville Maya Maya','CG'),
  ('BZZ','Brize Norton RAF Station','GB'),
  ('CAB','Cabinda','AO'),
  ('CAC','Cascavel','BR'),
  ('CAE','Columbia Metropolitan Airport','US'),
  ('CAG','Cagliari Elmas','IT'),
  ('CAH','Ca Mau','VN'),
  ('CAI','Cairo International','EG'),
  ('CAK','Akron Canton Regional','US'),
  ('CAL','Campbeltown Machrihanish','GB'),
  ('CAN','Guangzhou Baiyun','CN'),
  ('CAP','Cap Haitien','HT'),
  ('CAS','Casablanca Anfa','MA'),
  ('CAX','Carlisle','GB'),
  ('CAY','Cayenne Rochambeau','GF'),
  ('CAZ','Cobar','AU'),
  ('CBB','Cochabamba J Wilsterman','BO'),
  ('CBG','Cambridge','GB'),
  ('CBH','Bechar Leger','DZ'),
  ('CBO','Cotabato Awang','PH'),
  ('CBQ','Calabar','NG'),
  ('CBR','Canberra','AU'),
  ('CBT','Catumbela','AO'),
  ('CCC','Cayo Coco','CU'),
  ('CCJ','Kozhikode','IN'),
  ('CCK','Cocos Islands','CC'),
  ('CCM','Criciuma','BR'),
  ('CCP','Concepcion Carriel Sur','CL'),
  ('CCS','Caracas Simon Bolivar','VE'),
  ('CCU','Kolkata Netaji Subhas Chandra','IN'),
  ('CCV','Craig Cove','VU'),
  ('CCZ','Chub Cay','BS'),
  ('CDB','Cold Bay','US'),
  ('CDC','Cedar City','US'),
  ('CDG','Paris Ch De Gaulle','FR'),
  ('CDR','Chadron','US'),
  ('CDV','Cordova Mudhole Smith','US'),
  ('CDW','Caldwell Wright','US'),
  ('CEB','Cebu Mactan International','PH'),
  ('CEC','Crescent City Mc Namara Fld','US'),
  ('CED','Ceduna','AU'),
  ('CEE','Cherepovets','RU'),
  ('CEG','Chester','GB'),
  ('CEI','Chiang Rai','TH'),
  ('CEK','Chelyabinsk','RU'),
  ('CEM','Central','US'),
  ('CEN','Ciudad Obregon','MX'),
  ('CEZ','Cortez Montezuma County','US'),
  ('CFC','Cacador','BR'),
  ('CFE','Clermont Ferrand Aulnat','FR'),
  ('CFG','Cienfuegos','CU'),
  ('CFK','Chlef','DZ'),
  ('CFN','Donegal','IE'),
  ('CFR','Caen Carpiquet','FR'),
  ('CFS','Coffs Harbour','AU'),
  ('CFU','Kerkyra I Kapodistrias','GR'),
  ('CGA','Craig SPB','US'),
  ('CGB','Cuiaba Marechal Rondon','BR'),
  ('CGD','Changde','CN'),
  ('CGH','Sao Paulo Congonhas','BR'),
  ('CGI','Cape Girardeau','US'),
  ('CGK','Jakarta Soekarno Hatta Intl','ID'),
  ('CGM','Camiguin Mambajao','PH'),
  ('CGN','Bonn Cologne','DE'),
  ('CGO','Zhengzhou','CN'),
  ('CGP','Chittagong Patenga','BD'),
  ('CGQ','Changchun','CN'),
  ('CGR','Campo Grande Internacional','BR'),
  ('CGY','Cagayan De Oro Lumbia','PH'),
  ('CHA','Chattanooga Lovell Field','US'),
  ('CHC','Christchurch International','NZ'),
  ('CHO','Charlottesville Albemarle','US'),
  ('CHQ','Chania Souda','GR'),
  ('CHS','Charleston AFB International Airport','US'),
  ('CHT','Chatham Island Karewa','NZ'),
  ('CHU','Chuathbaluk','US'),
  ('CHY','Choiseul Bay','SB'),
  ('CIA','Rome Ciampino','IT'),
  ('CIC','Chico','US'),
  ('CID','Cedar Rapids','US'),
  ('CIF','Chifeng','CN'),
  ('CIH','Changzhi','CN'),
  ('CIJ','Cobija E Beltram','BO'),
  ('CIK','Chalkyitsik','US'),
  ('CIP','Chipata','ZM'),
  ('CIT','Shimkent','KZ'),
  ('CIU','Sault Ste Marie Chippewa County','US'),
  ('CIW','Canouan Island','VC'),
  ('CIX','Chiclayo Cornel Ruiz','PE'),
  ('CJA','Cajamarca','PE'),
  ('CJB','Coimbatore Peelamedu','IN'),
  ('CJC','Calama El Loa','CL'),
  ('CJJ','Cheongju','KR'),
  ('CJL','Chitral','PK'),
  ('CJS','Ciudad Juarez Intl Abraham Gonzalez','MX'),
  ('CJU','Jeju Airport','KR'),
  ('CKB','Clarksburg Benedum','US'),
  ('CKD','Crooked Creek','US'),
  ('CKG','Chongqing','CN'),
  ('CKH','Chokurdah','RU'),
  ('CKS','Carajas','BR'),
  ('CKX','Chicken','US'),
  ('CKY','Conakry','GN'),
  ('CKZ','Canakkale','TR'),
  ('CLD','San Diego Carlsbad','US'),
  ('CLE','Cleveland Hopkins International','US'),
  ('CLJ','Cluj Napoca','RO'),
  ('CLL','College Station Easterwood Field','US'),
  ('CLM','Port Angeles Fairchild Intl','US'),
  ('CLO','Cali Alfonso B Aragon','CO'),
  ('CLP','Clarks Point','US'),
  ('CLQ','Colima','MX'),
  ('CLT','Charlotte Douglas International Airport','US'),
  ('CLW','Clearwater Executive','US'),
  ('CLY','Calvi Ste Catherine','FR'),
  ('CMA','Cunnamulla','AU'),
  ('CMB','Colombo Bandaranayake Intl','LK'),
  ('CME','Ciudad Del Carmen','MX'),
  ('CMF','Chambery','FR'),
  ('CMG','Corumba Internacional','BR'),
  ('CMH','Port Columbus Intl','US'),
  ('CMI','Champaign Willard University','US'),
  ('CMN','Casablanca Mohamed V','MA'),
  ('CMU','Kundiawa Chimbu','PG'),
  ('CMW','Camaguey Ign Agramonte Intl','CU'),
  ('CMX','Hancock Houghton County','US'),
  ('CNB','Coonamble','AU'),
  ('CNC','Coconut Island','AU'),
  ('CND','Constanta Kogalniceanu','RO'),
  ('CNF','Belo Horizonte Tancredo Neves Intl','BR'),
  ('CNJ','Cloncurry','AU'),
  ('CNM','Carlsbad','US'),
  ('CNP','Neerlerit Inaat','GL'),
  ('CNQ','Corrientes Camba Punta','AR'),
  ('CNS','Cairns','AU'),
  ('CNX','Chiang Mai International','TH'),
  ('CNY','Moab Canyonlands Field','US'),
  ('COD','Cody Yellowstone Yellowstone Regional','US'),
  ('COK','Kochi','IN'),
  ('COL','Coll Island','GB'),
  ('COO','Cotonou','BJ'),
  ('COQ','Choibalsan','MN'),
  ('COR','Cordoba Pajas Blancas','AR'),
  ('COS','Colorado Springs Municipal','US'),
  ('COU','Columbia Regional','US'),
  ('CPC','San Martin DeLos Andes Chapelco','AR'),
  ('CPD','Coober Pedy','AU'),
  ('CPE','Campeche International','MX'),
  ('CPH','Copenhagen Airport','DK'),
  ('CPO','Copiapo Chamonate','CL'),
  ('CPQ','Campinas International','BR'),
  ('CPR','Casper','US'),
  ('CPT','Cape Town International','ZA'),
  ('CPV','Campina Grande Joao Suassuna','BR'),
  ('CPX','Culebra','PR'),
  ('CQD','Shahre Kord','IR'),
  ('CQF','Calais','FR'),
  ('CRA','Craiova','RO'),
  ('CRD','Comodoro Rivadavia','AR'),
  ('CRI','Crooked Island','BS'),
  ('CRK','Luzon Is Clark Field','PH'),
  ('CRL','Charleroi Brussels So','BE'),
  ('CRM','Catarman National','PH'),
  ('CRP','Corpus Christi International','US'),
  ('CRW','Charleston Yeager','US'),
  ('CSA','Colonsay Is','GB'),
  ('CSG','Columbus Metropolitan','US'),
  ('CSK','Cap Skirring','SN'),
  ('CSL','San Luis Obispo OSullivan AAF','US'),
  ('CSX','Changsha','CN'),
  ('CSY','Cheboksary','RU'),
  ('CTA','Catania Fontanarossa','IT'),
  ('CTC','Catamarca','AR'),
  ('CTG','Cartagena Rafael Nunez','CO'),
  ('CTL','Charleville','AU'),
  ('CTM','Chetumal','MX'),
  ('CTN','Cooktown','AU'),
  ('CTS','Sapporo Chitose','JP'),
  ('CTU','Chengdu','CN'),
  ('CUC','Cucuta Camilo Dazo','CO'),
  ('CUE','Cuenca','EC'),
  ('CUF','Cuneo Levaldigi','IT'),
  ('CUK','Caye Caulker','BZ'),
  ('CUL','Culiacan Fedl De Bachigualato','MX'),
  ('CUM','Cumana','VE'),
  ('CUN','Cancun','MX'),
  ('CUP','Carupano','VE'),
  ('CUQ','Coen','AU'),
  ('CUR','Curacao Aeropuerto Hato','CW'),
  ('CUU','Chihuahua Gen Fierro Villalobos','MX'),
  ('CUZ','Cuzco Velazco Astete','PE'),
  ('CVG','Cincinnati Cinci/Nrthrn Kentucky','US'),
  ('CVM','Ciudad Victoria','MX'),
  ('CVN','Clovis Metropolitan Area','US'),
  ('CVQ','Carnarvon','AU'),
  ('CVT','Coventry Baginton','GB'),
  ('CVU','Corvo Island','PT'),
  ('CWA','Wausau Central Wisconsin','US'),
  ('CWB','Curitiba Afonso Pena','BR'),
  ('CWC','Chernovtsy','UA'),
  ('CWL','Cardiff Wales Arpt','GB'),
  ('CXB','Coxs Bazar','BD'),
  ('CXH','Vancouver Coal Harbour','CA'),
  ('CXI','Christmas Island','KI'),
  ('CXJ','Caxias Do Sul Campo Dos Bugres','BR'),
  ('CYB','Cayman Brac Is Gerrard Smith','KY'),
  ('CYF','Chefornak SPB','US'),
  ('CYI','Chiayi','TW'),
  ('CYO','Cayo Largo Del Sur','CU'),
  ('CYP','Calbayog','PH'),
  ('CYS','Cheyenne','US'),
  ('CYU','Cuyo','PH'),
  ('CYX','Cherskiy','RU'),
  ('CYZ','Cauayan','PH'),
  ('CZE','Coro','VE'),
  ('CZH','Corozal','BZ'),
  ('CZL','Constantine Ain El Bey','DZ'),
  ('CZM','Cozumel','MX'),
  ('CZN','Chisana Field','US'),
  ('CZS','Cruzeiro Do Sul Campo Internacional','BR'),
  ('CZU','Corozal','CO'),
  ('CZX','Changzhou','CN'),
  ('DAB','Daytona Beach International','US'),
  ('DAC','Dhaka Zia International','BD'),
  ('DAD','Da Nang','VN'),
  ('DAL','Dallas Love Field','US'),
  ('DAM','Damascus International','SY'),
  ('DAR','Dar Es Salaam International','TZ'),
  ('DAT','Datong','CN'),
  ('DAU','Daru','PG'),
  ('DAV','David Enrique Malek','PA'),
  ('DAX','Daxian','CN'),
  ('DAY','Dayton International Airport','US'),
  ('DBA','Dalbandin','PK'),
  ('DBO','Dubbo','AU'),
  ('DBQ','Dubuque Regional Airport','US'),
  ('DBV','Dubrovnik','HR'),
  ('DCA','Washington Ronald Reagan National','US'),
  ('DCF','Dominica Cane Field','DM'),
  ('DCM','Castres Mazamet','FR'),
  ('DDC','Dodge City Municipal','US'),
  ('DDG','Dandong','CN'),
  ('DEA','Dera Ghazi Khan','PK'),
  ('DEC','Decatur Arpt','US'),
  ('DED','Dehra Dun','IN'),
  ('DEL','Delhi Indira Gandhi Intl','IN'),
  ('DEN','Denver International','US'),
  ('DEZ','Deirezzor Al Jafrah','SY'),
  ('DFW','Dallas Fort Worth International','US'),
  ('DGA','Dangriga','BZ'),
  ('DGE','Mudgee','AU'),
  ('DGM','Dongguan','CN'),
  ('DGO','Durango Guadalupe Victoria','MX'),
  ('DGT','Dumaguete','PH'),
  ('DHM','Dharamsala Gaggal Airport','IN'),
  ('DHN','Dothan Arpt','US'),
  ('DIB','Dibrugarh Chabua','IN'),
  ('DIE','Antsiranana Arrachart','MG'),
  ('DIG','Diqing','CN'),
  ('DIK','Dickinson','US'),
  ('DIL','Dili Comoro','TL'),
  ('DIN','Dien Bien Phu Dien Bien','VN'),
  ('DIR','Dire Dawa Aba Tenna D Yilma','ET'),
  ('DIS','Loubomo','CG'),
  ('DIU','Diu','IN'),
  ('DIY','Diyarbakir','TR'),
  ('DJB','Jambi Sultan Taha Syarifudn','ID'),
  ('DJE','Djerba Melita','TN'),
  ('DJG','Djanet Inedbirenne','DZ'),
  ('DJJ','Jayapura Sentani','ID'),
  ('DKR','Dakar Yoff','SN'),
  ('DLA','Douala','CM'),
  ('DLC','Dalian','CN'),
  ('DLG','Dillingham Municipal','US'),
  ('DLH','Duluth International','US'),
  ('DLI','Dalat Lienkhang','VN'),
  ('DLM','Dalaman','TR'),
  ('DLP','Disneyland Paris','FR'),
  ('DLU','Dali City Dali','CN'),
  ('DLY','Dillons Bay','VU'),
  ('DLZ','Dalanzadgad','MN'),
  ('DMD','Doomadgee','AU'),
  ('DME','Moscow Domodedovo','RU'),
  ('DMM','Dammam King Fahad Intl','SA'),
  ('DMU','Dimapur','IN'),
  ('DND','Dundee','GB'),
  ('DNH','Dunhuang','CN'),
  ('DNK','Dnepropetrovsk','UA'),
  ('DNR','Dinard Pleurtuit','FR'),
  ('DNZ','Denizli Cardak','TR'),
  ('DOG','Dongola','SD'),
  ('DOH','Doha','QA'),
  ('DOK','Donetsk','UA'),
  ('DOM','Dominica Melville Hall','DM'),
  ('DOP','Dolpa','NP'),
  ('DOU','Dourados','BR'),
  ('DOY','Dongying','CN'),
  ('DPL','Dipolog','PH'),
  ('DPO','Devonport','AU'),
  ('DPS','Denpasar Bali Ngurah Rai','ID'),
  ('DRG','Deering','US'),
  ('DRO','Durango La Plata','US'),
  ('DRS','Dresden Arpt','DE'),
  ('DRT','Del Rio International','US'),
  ('DRW','Darwin','AU'),
  ('DSM','Des Moines','US'),
  ('DSN','Dongsheng','CN'),
  ('DTM','Dortmund','DE'),
  ('DTT','Detroit','US'),
  ('DTW','Detroit Metropolitan Wayne County Airport','US'),
  ('DUB','Dublin','IE'),
  ('DUD','Dunedin','NZ'),
  ('DUE','Dundo','AO'),
  ('DUI','Duisburg','DE'),
  ('DUJ','Dubois Jefferson County','US'),
  ('DUR','Durban International','ZA'),
  ('DUS','Dusseldorf International','DE'),
  ('DUT','Dutch Harbor Emergency Field','US'),
  ('DVL','Devils Lake','US'),
  ('DVO','Davao Mati','PH'),
  ('DWB','Soalala','MG'),
  ('DXB','Dubai','AE'),
  ('DYG','Dayong','CN'),
  ('DYR','Anadyr','RU'),
  ('DYU','Dushanbe dyu','TJ'),
  ('DZA','Dzaoudzi','YT'),
  ('DZN','Zhezkazgan Zhezhazgan','KZ'),
  ('EAA','Eagle','US'),
  ('EAE','Emae','VU'),
  ('EAM','Nejran','SA'),
  ('EAP','Basel Basel Mulhouse Mulhouse','CH'),
  ('EAR','Kearney','US'),
  ('EAS','San Sebastian','ES'),
  ('EAT','Wenatchee Pangborn Field','US'),
  ('EAU','Eau Claire','US'),
  ('EBA','Elba Island Marina Di Campo','IT'),
  ('EBB','Entebbe','UG'),
  ('EBD','El Obeid','SD'),
  ('EBJ','Esbjerg','DK'),
  ('EBL','Erbil','IQ'),
  ('ECN','Ercan','CY'),
  ('ECP','Northwest Florida Beaches International Airport','US'),
  ('EDA','Edna Bay','US'),
  ('EDI','Edinburgh','GB'),
  ('EDL','Eldoret','KE'),
  ('EDO','Edremit Korfez','TR'),
  ('EDR','Edward River','AU'),
  ('EEK','Eek','US'),
  ('EFL','Kefallinia Argostolion','GR'),
  ('EGC','Bergerac Roumanieres','FR'),
  ('EGE','Eagle Vail Eagle County','US'),
  ('EGN','Geneina','SD'),
  ('EGO','Belgorod','RU'),
  ('EGS','Egilsstadir','IS'),
  ('EGV','Eagle River','US'),
  ('EGX','Egegik','US'),
  ('EIB','Eisenach','DE'),
  ('EIE','Eniseysk','RU'),
  ('EIN','Eindhoven','NL'),
  ('EIS','Beef Island Airport','VG'),
  ('EJA','Barrancabermeja Variguies','CO'),
  ('EJH','Wedjh','SA'),
  ('EKO','Elko','US'),
  ('EKT','Eskilstuna','SE'),
  ('ELC','Elcho Island','AU'),
  ('ELF','El Fasher','SD'),
  ('ELG','El Golea','DZ'),
  ('ELH','North Eleuthera International','BS'),
  ('ELI','Elim','US'),
  ('ELM','Elmira Corning Regional Airport','US'),
  ('ELP','El Paso International','US'),
  ('ELQ','Gassim','SA'),
  ('ELS','East London','ZA'),
  ('ELU','El Oued Guemar','DZ'),
  ('ELV','Elfin Cove SPB','US'),
  ('ELY','Ely Yelland','US'),
  ('EMA','Nottingham E Midlands','GB'),
  ('EMD','Emerald','AU'),
  ('EME','Emden','DE'),
  ('EMK','Emmonak','US'),
  ('ENA','Kenai','US'),
  ('ENE','Ende','ID'),
  ('ENF','Enontekio','FI'),
  ('ENH','Enshi','CN'),
  ('ENI','El Nido','PH'),
  ('ENS','Enschede Twente','NL'),
  ('ENU','Enugu','NG'),
  ('ENW','Kenosha','US'),
  ('ENY','Yanan','CN'),
  ('EOH','Medellin Enrique Olaya Herrera','CO'),
  ('EOZ','Elorza','VE'),
  ('EPR','Esperance','AU'),
  ('EQS','Esquel','AR'),
  ('ERC','Erzincan','TR'),
  ('ERF','Erfurt','DE'),
  ('ERH','Errachidia','MA'),
  ('ERI','Erie International','US'),
  ('ERM','Erechim Comandante Kraemer','BR'),
  ('ERO','ERO','US'),
  ('ERS','Windhoek Eros','NA'),
  ('ERZ','Erzurum','TR'),
  ('ESB','Ankara Esenboga','TR'),
  ('ESC','Escanaba Delta County Arpt','US'),
  ('ESD','Eastsound Orcas Island','US'),
  ('ESM','Esmeraldas','EC'),
  ('ESR','El Salvador','CL'),
  ('ESS','Essen','DE'),
  ('ESU','Essaouira','MA'),
  ('ETH','Elat','IL'),
  ('ETZ','Metz Nancy Metz Nancy Lorraine','FR'),
  ('EUA','Eua Kaufana','TO'),
  ('EUG','Eugene','US'),
  ('EUM','Neumuenster','DE'),
  ('EUN','Laayoune Hassan I','MA'),
  ('EUX','St Eustatius F D Roosevelt','BQ'),
  ('EVE','Harstad Narvik Evenes','NO'),
  ('EVN','Yerevan','AM'),
  ('EVV','Evansville Dress Regional','US'),
  ('EWB','Fall River New Bedford','US'),
  ('EWN','New Bern Simmons Nott','US'),
  ('EWR','Newark Liberty Intl','US'),
  ('EXI','Excursion Inlet SPB','US'),
  ('EXT','Exeter','GB'),
  ('EYP','El Yopal','CO'),
  ('EYW','Key West International','US'),
  ('EZE','Buenos Aires Ministro Pistarini','AR'),
  ('EZS','Elazig','TR'),
  ('FAB','Farnborough','GB'),
  ('FAE','Faroe Islands Vagar','FO'),
  ('FAI','Fairbanks International','US'),
  ('FAO','Faro','PT'),
  ('FAR','Fargo Hector Field','US'),
  ('FAT','Fresno Airterminal','US'),
  ('FAV','Fakarava','PF'),
  ('FAY','Fayetteville','US'),
  ('FBM','Lubumbashi Luano','CD'),
  ('FCA','Kalispell Glacier National Park','US'),
  ('FCO','Rome Intercontinental Airport Leonardo da Vinci','IT'),
  ('FDE','Forde Bringeland','NO'),
  ('FDF','Fort De France Lamentin','MQ'),
  ('FDH','Friedrichshafen','DE'),
  ('FEG','Fergana','UZ'),
  ('FEN','Fernando De Noronha','BR'),
  ('FEZ','Fez Sais','MA'),
  ('FGU','Fangatau','PF'),
  ('FHZ','Fakahina','PF'),
  ('FIH','Kinshasa NDjili','CD'),
  ('FJR','Al Fujairah Fujairah Intl Arpt','AE'),
  ('FKB','Baden Baden Karlsruhe Soellingen','DE'),
  ('FKI','Kisangani','CD'),
  ('FKL','Franklin Chess Lambertin','US'),
  ('FKQ','Fak Fak','ID'),
  ('FKS','Fukushima Airport','JP'),
  ('FLA','Florencia Capitolio','CO'),
  ('FLG','Flagstaff Pulliam Field','US'),
  ('FLL','Fort Lauderdale International','US'),
  ('FLN','Florianopolis Hercilio Luz','BR'),
  ('FLO','Florence','US'),
  ('FLR','Florence Peretola','IT'),
  ('FLW','Flores Island Santa Cruz','PT'),
  ('FMA','Formosa El Pucu','AR'),
  ('FMN','Farmington Municipal','US'),
  ('FMO','Muenster','DE'),
  ('FNA','Freetown Lungi International','SL'),
  ('FNC','Madeira','PT'),
  ('FNI','Nimes Garons','FR'),
  ('FNJ','Pyongyang Sunan','KP'),
  ('FNL','Fort Collins Loveland Municipal Airport','US'),
  ('FNT','Flint Bishop','US'),
  ('FOC','Fuzhou','CN'),
  ('FOD','Fort Dodge','US'),
  ('FOG','Foggia Gino Lisa','IT'),
  ('FOR','Fortaleza Pinto Martins','BR'),
  ('FPO','Freeport Grand Bahama Intl','BS'),
  ('FRA','Frankfurt International','DE'),
  ('FRC','Franca','BR'),
  ('FRD','Friday Harbor','US'),
  ('FRE','Fera Island','SB'),
  ('FRL','Forli Luigi Ridolfi','IT'),
  ('FRO','Floro Flora','NO'),
  ('FRS','Flores Santa Elena','GT'),
  ('FRU','Bishkek','KG'),
  ('FRW','Francistown','BW'),
  ('FSC','Figari Sud Corse','FR'),
  ('FSD','Sioux Falls RegionalJo Foss Fld','US'),
  ('FSM','Fort Smith Regional Airport','US'),
  ('FSP','St Pierre','PM'),
  ('FTA','Futuna Island Futuna Airport','VU'),
  ('FTE','El Calafate','AR'),
  ('FTU','Fort Dauphin Marillac','MG'),
  ('FUE','Fuerteventura Puerto del Rosario','ES'),
  ('FUG','Fuyang','CN'),
  ('FUJ','Fukue','JP'),
  ('FUK','Fukuoka','JP'),
  ('FUN','Funafuti Atol International','TV'),
  ('FUT','Futuna Island','WF'),
  ('FWA','Fort Wayne International Airport','US'),
  ('FWM','Fort William Heliport','GB'),
  ('FYU','Fort Yukon','US'),
  ('FYV','Fayetteville Municipal Drake Fld','US'),
  ('FZO','Filton','GB'),
  ('GAE','Gabes','TN'),
  ('GAF','Gafsa','TN'),
  ('GAJ','Yamagata Junmachi','JP'),
  ('GAL','Galena','US'),
  ('GAM','Gambell','US'),
  ('GAN','Gan Island Gan Seenu','MV'),
  ('GAO','Guantanamo Los Canos','CU'),
  ('GAU','Gawahati Borjhar','IN'),
  ('GAX','Gamba','GA'),
  ('GAY','Gaya','IN'),
  ('GBD','Great Bend','US'),
  ('GBE','Gaborone Sir Seretse Khama Int','BW'),
  ('GBJ','Marie Galante Les Bases','GP'),
  ('GBT','Gorgan','IR'),
  ('GCC','Gillette Campbell County','US'),
  ('GCI','Guernsey','GB'),
  ('GCK','Garden City Municipal Airport','US'),
  ('GCM','Grand Cayman Island Owen Roberts Intl','KY'),
  ('GDE','Gode Iddidole','ET'),
  ('GDL','Guadalajara Miguel Hidalgo','MX'),
  ('GDN','Gdansk Rebiechowo','PL'),
  ('GDO','Guasdualito Vare Maria','VE'),
  ('GDQ','Gondar','ET'),
  ('GDT','Grand Turk Is','TC'),
  ('GDX','Magadan','RU'),
  ('GEA','Noumea Magenta','NC'),
  ('GEG','Spokane International','US'),
  ('GEL','Santo Angelo Sepe Tiaraju','BR'),
  ('GEO','Georgetown Cheddi Jagan Intl','GY'),
  ('GER','Nueva Gerona Rafael Cabrera','CU'),
  ('GES','General Santos Buayan','PH'),
  ('GET','Geraldton','AU'),
  ('GEV','Gallivare','SE'),
  ('GFF','Griffith','AU'),
  ('GFK','Grand Forks','US'),
  ('GFN','Grafton','AU'),
  ('GGG','Longview Gladewater Gregg County Kilgore','US'),
  ('GGT','George Town Exuma International','BS'),
  ('GHA','Ghardaia Noumerate','DZ'),
  ('GHB','Governors Harbour','BS'),
  ('GHT','Ghat','LY'),
  ('GIB','Gibraltar North Front','GI'),
  ('GIC','Boigu Island','AU'),
  ('GIG','Rio De Janeiro Internacional','BR'),
  ('GIL','Gilgit','PK'),
  ('GIS','Gisborne','NZ'),
  ('GIZ','Jazan','SA'),
  ('GJA','Guanaja','HN'),
  ('GJL','Jijel','DZ'),
  ('GJT','Grand Junction Walker Field','US'),
  ('GKA','Goroka','PG'),
  ('GLA','Glasgow International','GB'),
  ('GLF','Golfito','CR'),
  ('GLH','Greenville','US'),
  ('GLK','Galcaio','SO'),
  ('GLN','Goulimime','MA'),
  ('GLO','Gloucestershire','GB'),
  ('GLT','Gladstone','AU'),
  ('GLV','Golovin','US'),
  ('GMA','Gemena','CD'),
  ('GMB','Gambela','ET'),
  ('GMP','Seoul Gimpo International','KR'),
  ('GMR','Gambier Is','PF'),
  ('GMZ','San Sebas de la Gomera La Gomera','ES'),
  ('GNB','Lyon Saint Geoirs','FR'),
  ('GND','Maurice Bishop Intl','GD'),
  ('GNU','Goodnews Bay','US'),
  ('GNV','Gainesville Regional Airport','US'),
  ('GOA','Genoa Cristoforo Colombo','IT'),
  ('GOH','Nuuk','GL'),
  ('GOI','Goa Dabolim','IN'),
  ('GOJ','Nizhniy Novgorod','RU'),
  ('GOM','Goma','CD'),
  ('GOP','Gorakhpur','IN'),
  ('GOQ','Golmud','CN'),
  ('GOT','Gothenburg Landvetter','SE'),
  ('GOU','Garoua','CM'),
  ('GOV','Gove Nhulunbuy','AU'),
  ('GPA','Patras Araxos Airport','GR'),
  ('GPI','Guapi','CO'),
  ('GPS','Galapagos Is Baltra','EC'),
  ('GPT','Gulfport Biloxi Regional','US'),
  ('GRB','Green Bay Austin Straubel International Airport','US'),
  ('GRI','Grand Island','US'),
  ('GRJ','George','ZA'),
  ('GRK','Killeen Fort Hood Regional Airport','US'),
  ('GRO','Gerona Costa Brava','ES'),
  ('GRQ','Groningen Eelde','NL'),
  ('GRR','Gerald R Ford International Airport','US'),
  ('GRU','Sao Paulo Guarulhos Intl','BR'),
  ('GRV','Groznyj','RU'),
  ('GRW','Graciosa Island','PT'),
  ('GRX','Granada','ES'),
  ('GRY','Grimsey','IS'),
  ('GRZ','Graz Thalerhof','AT'),
  ('GSE','Gothenburg Saeve','SE'),
  ('GSM','Gheshm','IR'),
  ('GSO','Greensboro High Point Piedmont Triad Intl','US'),
  ('GSP','Greer Greenville Spartanburg','US'),
  ('GST','Gustavus Arpt','US'),
  ('GSY','Grimsby Binbrook','GB'),
  ('GTA','Gatokae Aerodrom','SB'),
  ('GTE','Groote Eylandt Alyangula','AU'),
  ('GTF','Great Falls International','US'),
  ('GTO','Gorontalo Tolotio','ID'),
  ('GTR','Columbus Golden Triangle Reg','US'),
  ('GTS','Granites','AU'),
  ('GUA','Guatemala City La Aurora','GT'),
  ('GUC','Gunnison Crested Butte Regional Airport','US'),
  ('GUM','Guam AB Won Pat Intl','GU'),
  ('GUR','Alotau Gurney','PG'),
  ('GUW','Atyrau','KZ'),
  ('GVA','Geneva Geneve Cointrin','CH'),
  ('GVR','Governador Valadares','BR'),
  ('GVX','Gavle Sandviken','SE'),
  ('GWD','Gwadar','PK'),
  ('GWL','Gwalior','IN'),
  ('GWT','Westerland Sylt','DE'),
  ('GWY','Galway Carnmore','IE'),
  ('GXF','Seiyun','YE'),
  ('GXG','Negage','AO'),
  ('GYA','Guayaramerin','BO'),
  ('GYD','Baku Heydar Aliyev Intl','AZ'),
  ('GYE','Jose Joaquin de Olmedo International Airport','EC'),
  ('GYL','Argyle','AU'),
  ('GYM','Guaymas Gen Jose M Yanez','MX'),
  ('GYN','Goiania Santa Genoveva','BR'),
  ('GZO','Gizo','SB'),
  ('GZT','Gaziantep','TR'),
  ('HAA','Hasvik','NO'),
  ('HAC','Hachijo Jima','JP'),
  ('HAD','Halmstad','SE'),
  ('HAE','Havasupai','US'),
  ('HAH','Moroni Prince Said Ibrahim In','KM'),
  ('HAJ','Hanover Arpt','DE'),
  ('HAK','Haikou','CN'),
  ('HAM','Hamburg Fuhlsbuettel','DE'),
  ('HAN','Hanoi Noibai','VN'),
  ('HAQ','Hanimaadhoo','MV'),
  ('HAR','Harrisburg Skyport','US'),
  ('HAS','Hail','SA'),
  ('HAU','Haugesund','NO'),
  ('HAV','Havana Jose Marti Intl','CU'),
  ('HBA','Hobart','AU'),
  ('HBE','Alexandria Borg El Arab','EG'),
  ('HBT','Hafr Albatin','SA'),
  ('HBX','Hubli','IN'),
  ('HCN','Hengchun','TW'),
  ('HCR','Holy Cross','US'),
  ('HDB','Heidelberg','DE'),
  ('HDD','Hyderabad','PK'),
  ('HDF','Heringsdorf','DE'),
  ('HDM','Hamadan','IR'),
  ('HDN','Hayden Yampa Valley Steamboat Springs','US'),
  ('HDS','Hoedspruit Airport','ZA'),
  ('HDY','Hat Yai','TH'),
  ('HEA','Herat','AF'),
  ('HEH','Heho','MM'),
  ('HEI','Heide Busum','DE'),
  ('HEK','Heihe','CN'),
  ('HEL','Helsinki Vantaa','FI'),
  ('HER','Heraklion N Kazantzakis Apt','GR'),
  ('HET','Hohhot','CN'),
  ('HFA','Haifa','IL'),
  ('HFD','Hartford Brainard','US'),
  ('HFE','Hefei','CN'),
  ('HFT','Hammerfest','NO'),
  ('HGA','Hargeisa','SO'),
  ('HGD','Hughenden','AU'),
  ('HGH','Hangzhou','CN'),
  ('HGL','Helgoland','DE'),
  ('HGN','Mae Hong Son','TH'),
  ('HGR','Hagerstown Wash County Regional','US'),
  ('HGU','Mount Hagen Kagamuga','PG'),
  ('HHH','Hilton Head','US'),
  ('HHN','Frankfurt Hahn','DE'),
  ('HHQ','Hua Hin Airport','TH'),
  ('HHZ','Hikueru','PF'),
  ('HIB','Hibbing Chisholm','US'),
  ('HID','Horn Island','AU'),
  ('HIJ','Hiroshima International','JP'),
  ('HIL','Shillavo','ET'),
  ('HIN','Jinju Sacheon','KR'),
  ('HIR','Honiara Henderson Intl','SB'),
  ('HIS','Hayman Island','AU'),
  ('HJR','Khajuraho','IN'),
  ('HKB','Healy Lake','US'),
  ('HKD','Hakodate','JP'),
  ('HKG','Hong Kong Intl','HK'),
  ('HKK','Hokitika Arpt','NZ'),
  ('HKN','Hoskins','PG'),
  ('HKT','Phuket International','TH'),
  ('HLD','Hailar','CN'),
  ('HLH','Ulanhot','CN'),
  ('HLN','Helena','US'),
  ('HLY','Holyhead','GB'),
  ('HLZ','Hamilton','NZ'),
  ('HMA','Khanty Mansiysk','RU'),
  ('HME','Hassi Messaoud Oued Irara Apt','DZ'),
  ('HMO','Hermosillo Gen Pesqueira Garcia','MX'),
  ('HMV','Hemavan','SE'),
  ('HNA','Hanamaki','JP'),
  ('HND','Tokyo Haneda','JP'),
  ('HNH','Hoonah','US'),
  ('HNL','Honolulu International Airport','US'),
  ('HNM','Maui Hana','US'),
  ('HNS','Haines Municipal','US'),
  ('HOB','Hobbs Lea County','US'),
  ('HOD','Hodeidah Arpt','YE'),
  ('HOE','Houeisay','LA'),
  ('HOF','Alahsa','SA'),
  ('HOG','Holguin Frank Pais','CU'),
  ('HOH','Hohenems','AT'),
  ('HOI','Hao Island','PF'),
  ('HOM','Homer','US'),
  ('HON','Huron Howes','US'),
  ('HOQ','Hof','DE'),
  ('HOR','Horta','PT'),
  ('HOU','Houston Hobby','US'),
  ('HOV','Orsta Volda Hovden','NO'),
  ('HPA','HaApai Salote Pilolevu','TO'),
  ('HPB','Hooper Bay','US'),
  ('HPH','Haiphong Catbi','VN'),
  ('HPN','Westchester County Apt','US'),
  ('HRB','Harbin','CN'),
  ('HRE','Harare','ZW'),
  ('HRG','Hurghada','EG'),
  ('HRK','Kharkov','UA'),
  ('HRL','Harlingen Valley International','US'),
  ('HRT','Harrogate Linton On Ouse','GB'),
  ('HSG','Saga','JP'),
  ('HSL','Huslia','US'),
  ('HSN','Zhoushan','CN'),
  ('HSV','Huntsville Intl','US'),
  ('HTA','Chita','RU'),
  ('HTG','Hatanga','RU'),
  ('HTI','Hamilton Island','AU'),
  ('HTN','Hotan','CN'),
  ('HTS','Huntington Ashland Milton Tri State','US'),
  ('HUH','Huahine','PF'),
  ('HUI','Hue Phu Bai','VN'),
  ('HUN','Hualien','TW'),
  ('HUQ','Houn','LY'),
  ('HUS','Hughes Municipal','US'),
  ('HUV','Hudiksvall','SE'),
  ('HUX','Huatulco','MX'),
  ('HUY','Humberside Arpt','GB'),
  ('HUZ','Huizhou','CN'),
  ('HVA','Analalava','MG'),
  ('HVB','Hervey Bay','AU'),
  ('HVD','Khovd','MN'),
  ('HVG','Honningsvag Valan','NO'),
  ('HVN','New Haven','US'),
  ('HVR','Havre City County','US'),
  ('HYA','Hyannis Barnstable','US'),
  ('HYD','Hyderabad Rajiv Gandhi International Airport','IN'),
  ('HYG','Hydaburg SPB','US'),
  ('HYL','Hollis SPB','US'),
  ('HYN','Huangyan','CN'),
  ('HYS','Hays Municipal','US'),
  ('HZG','Hanzhong','CN'),
  ('IAA','Igarka','RU'),
  ('IAD','Washington Dulles Intl','US'),
  ('IAG','Niagara Falls International','US'),
  ('IAH','Houston George Bush Intercntl','US'),
  ('IAM','In Amenas','DZ'),
  ('IAN','Kiana Bob Baker Memorial Airport','US'),
  ('IAS','Iasi','RO'),
  ('IBA','Ibadan','NG'),
  ('IBE','Ibague','CO'),
  ('IBZ','Ibiza','ES'),
  ('ICI','Cicia','FJ'),
  ('ICN','Seoul Incheon International','KR'),
  ('ICT','Wichita Dwight D Eisenhower','US'),
  ('IDA','Idaho Falls Fanning Field','US'),
  ('IDR','Indore','IN'),
  ('IEG','Zielona Gora Babimost','PL'),
  ('IEV','Kiev Zhulhany','UA'),
  ('IFJ','Isafjordur','IS'),
  ('IFN','Isfahan','IR'),
  ('IFO','Ivano Frankovsk','UA'),
  ('IFP','Bullhead City Laughlin Bullhead Intl','US'),
  ('IGA','Inagua','BS'),
  ('IGG','Igiugig','US'),
  ('IGM','Kingman','US'),
  ('IGR','Iguazu Cataratas','AR'),
  ('IGU','Iguassu Falls Cataratas','BR'),
  ('IHR','Iran Shahr','IR'),
  ('IIL','Ilaam','IR'),
  ('IJK','Izhevsk','RU'),
  ('IKA','Imam Khomeini International Airport','IR'),
  ('IKO','Nikolski AFS','US'),
  ('IKS','Tiksi','RU'),
  ('IKT','Irkutsk','RU'),
  ('ILG','Greater Wilmington','US'),
  ('ILI','Iliamna','US'),
  ('ILM','Wilmington New Hanover County','US'),
  ('ILO','Iloilo Mandurriao','PH'),
  ('ILP','Ile Des Pins','NC'),
  ('ILR','Ilorin','NG'),
  ('ILY','Islay Glenegedale','GB'),
  ('ILZ','Zilina','SK'),
  ('IMF','Imphal Municipal','IN'),
  ('IMK','Simikot','NP'),
  ('IMP','Imperatriz','BR'),
  ('IMT','Iron Mountain Ford','US'),
  ('INC','Yinchuan','CN'),
  ('IND','Indianapolis International','US'),
  ('INH','Inhambane','MZ'),
  ('INI','Nis','RS'),
  ('INL','International Falls Falls Intl','US'),
  ('INN','Innsbruck Kranebitten','AT'),
  ('INT','Winston Salem Smith Reynolds','US'),
  ('INU','Nauru Island International','NR'),
  ('INV','Inverness','GB'),
  ('INZ','In Salah','DZ'),
  ('IOA','Ioannina','GR'),
  ('IOM','Isle Of Man Ronaldsway','GB'),
  ('ION','Impfondo','CG'),
  ('IOS','Ilheus Eduardo Gomes','BR'),
  ('IPA','Ipota','VU'),
  ('IPC','Easter Island Mataveri Intl','CL'),
  ('IPH','Ipoh','MY'),
  ('IPI','Ipiales San Luis','CO'),
  ('IPL','El Centro Imperial Imperial County','US'),
  ('IPN','Ipatinga Usiminas','BR'),
  ('IPT','Williamsport Lycoming County','US'),
  ('IPW','Ipswich','GB'),
  ('IQM','Qiemo','CN'),
  ('IQN','Qingyang','CN'),
  ('IQQ','Iquique Cavancha','CL'),
  ('IQT','Iquitos CF Secada','PE'),
  ('IRA','Kirakira','SB'),
  ('IRC','Circle City','US'),
  ('IRG','Lockhart River','AU'),
  ('IRJ','La Rioja','AR'),
  ('IRK','Kirksville Municipal','US'),
  ('ISA','Mount Isa','AU'),
  ('ISB','Islamabad Intl','PK'),
  ('ISG','Ishigaki','JP'),
  ('ISN','Williston Sloulin Field Intl','US'),
  ('ISO','Kinston Stallings Field','US'),
  ('ISP','Islip Long Island Macarthur','US'),
  ('IST','Istanbul Ataturk','TR'),
  ('ISU','Sulaymaniyah International Airport','IQ'),
  ('ITH','Ithaca Tompkins County','US'),
  ('ITM','Osaka Itami','JP'),
  ('ITO','Hilo Big Island Hilo International','US'),
  ('IUE','Niue Island Hanan','NU'),
  ('IVC','Invercargill','NZ'),
  ('IVL','Ivalo','FI'),
  ('IVR','Inverell','AU'),
  ('IWD','Ironwood Gogebic County','US'),
  ('IWJ','Iwami','JP'),
  ('IWK','Iwakuni Kintaikyo Airport','JP'),
  ('IXA','Agartala Singerbhil','IN'),
  ('IXB','Bagdogra','IN'),
  ('IXC','Chandigarh','IN'),
  ('IXD','Allahabad Bamrauli','IN'),
  ('IXE','Mangalore Bajpe','IN'),
  ('IXG','Belgaum Sambre','IN'),
  ('IXI','Lilabari','IN'),
  ('IXJ','Jammu Satwari','IN'),
  ('IXL','Leh','IN'),
  ('IXM','Madurai','IN'),
  ('IXR','Ranchi','IN'),
  ('IXS','Silchar Kumbhirgram','IN'),
  ('IXU','Aurangabad Chikkalthana','IN'),
  ('IXW','Jamshedpur Sonari','IN'),
  ('IXY','Kandla','IN'),
  ('IXZ','Port Blair','IN'),
  ('IYK','Inyokern Kern County','US'),
  ('IZM','Izmir','TR'),
  ('IZO','Izumo','JP'),
  ('JAC','Jackson Hole Airport','US'),
  ('JAI','Jaipur Sanganeer','IN'),
  ('JAL','Jalapa','MX'),
  ('JAN','Jackson Intl','US'),
  ('JAV','Ilulissat','GL'),
  ('JAX','Jacksonville International','US'),
  ('JCB','Joacaba','BR'),
  ('JCH','Qasigiannguit','GL'),
  ('JCK','Julia Creek','AU'),
  ('JDF','Juiz De Fora Francisco De Assis','BR'),
  ('JDH','Jodhpur','IN'),
  ('JDO','Juazeiro Do Norte Regional Do Cariri','BR'),
  ('JDZ','Jingdezhen','CN'),
  ('JED','Jeddah King Abdulaziz Intl','SA'),
  ('JEF','Jefferson City Memorial','US'),
  ('JEG','Aasiaat','GL'),
  ('JEJ','Jeh','MH'),
  ('JER','Jersey States','GB'),
  ('JFK','New York John F Kennedy Intl','US'),
  ('JFR','Paamiut','GL'),
  ('JGA','Jamnagar Govardhanpur','IN'),
  ('JGC','Grand Canyon Heliport','US'),
  ('JGN','Jiayuguan','CN'),
  ('JGO','Qeqertarsuaq','GL'),
  ('JHB','Johor Bahru Sultan Ismail Intl','MY'),
  ('JHG','Jinghong Gasa','CN'),
  ('JHM','Maui Kapalua','US'),
  ('JHS','Sisimiut','GL'),
  ('JHW','Jamestown','US'),
  ('JIB','Djibouti Ambouli','DJ'),
  ('JIJ','Jijiga Jigiga','ET'),
  ('JIK','Ikaria Island Ikaria','GR'),
  ('JIM','Jimma','ET'),
  ('JIU','Jiujiang','CN'),
  ('JJN','Jinjiang','CN'),
  ('JJU','Qaqortoq Heliport','GL'),
  ('JKG','Jonkoping Axamo','SE'),
  ('JKH','Chios','GR'),
  ('JKT','Jakarta','ID'),
  ('JLD','Landskrona Heliport','SE'),
  ('JLN','Joplin','US'),
  ('JLR','Jabalpur','IN'),
  ('JMK','Mikonos','GR'),
  ('JMS','Jamestown','US'),
  ('JMU','Jiamusi','CN'),
  ('JNB','Johannesburg Intl','ZA'),
  ('JNN','Nanortalik','GL'),
  ('JNS','Narsaq Heliport','GL'),
  ('JNU','Juneau International','US'),
  ('JNX','Naxos Airport','GR'),
  ('JNZ','Jinzhou','CN'),
  ('JOE','Joensuu','FI'),
  ('JOG','Yogyakarta Adisutjipto','ID'),
  ('JOI','Joinville Cubatao','BR'),
  ('JOL','Jolo','PH'),
  ('JPA','Joao Pessoa Castro Pinto','BR'),
  ('JPR','Ji Parana','BR'),
  ('JQA','Qaarsut','GL'),
  ('JRB','New York Downtown Manhattan H P','US'),
  ('JRH','Jorhat Rowriah','IN'),
  ('JRO','Kilimanjaro','TZ'),
  ('JSA','Jaisalmer','IN'),
  ('JSH','Sitia','GR'),
  ('JSI','Skiathos','GR'),
  ('JSO','Sodertalje Heliport','SE'),
  ('JSR','Jessore','BD'),
  ('JST','Johnstown Cambria County','US'),
  ('JSU','Maniitsoq Heliport','GL'),
  ('JSY','Syros Island','GR'),
  ('JTR','Thira','GR'),
  ('JTY','Astypalaia Island Astypalaia','GR'),
  ('JUB','Juba','SD'),
  ('JUJ','Jujuy El Cadillal','AR'),
  ('JUL','Juliaca','PE'),
  ('JUM','Jumla','NP'),
  ('JUV','Upernavik Heliport','GL'),
  ('JUZ','Juzhou','CN'),
  ('JVA','Ankavandra','MG'),
  ('JYV','Jyvaskyla','FI'),
  ('KAB','Kariba','ZW'),
  ('KAC','Kameshli','SY'),
  ('KAD','Kaduna','NG'),
  ('KAE','Kake SPB','US'),
  ('KAJ','Kajaani','FI'),
  ('KAL','Kaltag','US'),
  ('KAN','Aminu Kano Intl Apt','NG'),
  ('KAO','Kuusamo','FI'),
  ('KAT','Kaitaia','NZ'),
  ('KAW','Kawthaung','MM'),
  ('KAX','Kalbarri','AU'),
  ('KBC','Birch Creek','US'),
  ('KBL','Kabul Khwaja Rawash','AF'),
  ('KBP','Kiev Borispol','UA'),
  ('KBR','Kota Bharu Pengkalan Chepa','MY'),
  ('KBV','Krabi','TH'),
  ('KCA','Kuqa','CN'),
  ('KCC','Coffman Cove SPB','US'),
  ('KCF','Kadanwari','PK'),
  ('KCG','Chignik Fisheries','US'),
  ('KCH','Kuching','MY'),
  ('KCL','Chignik Lagoon','US'),
  ('KCM','Kahramanmaras','TR'),
  ('KCQ','Chignik','US'),
  ('KCZ','Kochi','JP'),
  ('KDH','Kandahar','AF'),
  ('KDI','Kendari Wolter Monginsidi','ID'),
  ('KDL','Kardla','EE'),
  ('KDM','Kaadedhdhoo','MV'),
  ('KDO','Kadhdhoo','MV'),
  ('KDU','Skardu','PK'),
  ('KDV','Kandavu','FJ'),
  ('KEB','Nanwalek','US'),
  ('KEF','Reykjavik Keflavik International','IS'),
  ('KEJ','Kemerovo','RU'),
  ('KEK','Ekwok','US'),
  ('KEM','Kemi Tornio','FI'),
  ('KEP','Nepalganj','NP'),
  ('KER','Kerman','IR'),
  ('KET','Keng Tung','MM'),
  ('KEW','Keewaywin','CA'),
  ('KFA','Kiffa','MR'),
  ('KFP','False Pass','US'),
  ('KGA','Kananga','CD'),
  ('KGC','Kingscote','AU'),
  ('KGD','Kaliningrad','RU'),
  ('KGE','Kagau','SB'),
  ('KGF','Karaganda','KZ'),
  ('KGI','Kalgoorlie','AU'),
  ('KGK','New Koliganek','US'),
  ('KGL','Kigali Gregoire Kayibanda','RW'),
  ('KGP','Kogalym International','RU'),
  ('KGS','Kos','GR'),
  ('KGX','Grayling','US'),
  ('KHE','Kherson','UA'),
  ('KHG','Kashi','CN'),
  ('KHH','Kaohsiung International','TW'),
  ('KHI','Karachi Quaid E Azam Intl','PK'),
  ('KHM','Khamti','MM'),
  ('KHN','Nanchang','CN'),
  ('KHS','Khasab','OM'),
  ('KHV','Khabarovsk Novyy','RU'),
  ('KHZ','Kauehi','PF'),
  ('KID','Kristianstad','SE'),
  ('KIF','Kingfisher Lake','CA'),
  ('KIH','Kish Island','IR'),
  ('KIJ','Niigata','JP'),
  ('KIK','Kirkuk','IQ'),
  ('KIM','Kimberley','ZA'),
  ('KIN','Kingston Norman Manley','JM'),
  ('KIR','Kerry County Airport','IE'),
  ('KIS','Kisumu','KE'),
  ('KIT','Kithira','GR'),
  ('KIV','Chisinau','MD'),
  ('KIX','Osaka Kansai International','JP'),
  ('KJA','Krasnojarsk','RU'),
  ('KKA','Koyuk','US'),
  ('KKB','Kitoi Bay SPB','US'),
  ('KKC','Khon Kaen','TH'),
  ('KKD','Kokoda','PG'),
  ('KKE','Kerikeri','NZ'),
  ('KKH','Kongiganak','US'),
  ('KKI','Akiachak Spb','US'),
  ('KKJ','Kita Kyushu Kokura','JP'),
  ('KKN','Kirkenes Hoeybuktmoen','NO'),
  ('KKR','Kaukura Atoll','PF'),
  ('KKU','Ekuk','US'),
  ('KLG','Kalskag Municipal','US'),
  ('KLH','Kolhapur','IN'),
  ('KLL','Levelock','US'),
  ('KLN','Larsen Bay Larsen SPB','US'),
  ('KLO','Kalibo','PH'),
  ('KLR','Kalmar','SE'),
  ('KLU','Klagenfurt','AT'),
  ('KLV','Karlovy Vary','CZ'),
  ('KLW','Klawock','US'),
  ('KLX','Kalamata','GR'),
  ('KMA','Kerema','PG'),
  ('KMC','King Khalid Mil City King Khalid Military','SA'),
  ('KME','Kamembe','RW'),
  ('KMG','Kunming','CN'),
  ('KMI','Miyazaki','JP'),
  ('KMJ','Kumamoto','JP'),
  ('KMO','Manokotak SPB','US'),
  ('KMQ','Komatsu','JP'),
  ('KMS','Kumasi','GH'),
  ('KMV','Kalemyo','MM'),
  ('KMY','Moser Bay','US'),
  ('KND','Kindu','CD'),
  ('KNF','Kings Lynn Marham RAF','GB'),
  ('KNG','Kaimana','ID'),
  ('KNH','Kinmen Shang Yi','TW'),
  ('KNK','Kakhonak','US'),
  ('KNQ','Kone','NC'),
  ('KNS','King Island','AU'),
  ('KNU','Kanpur','IN'),
  ('KNW','New Stuyahok','US'),
  ('KNX','Kununurra','AU'),
  ('KOA','Kona Big Island Keahole','US'),
  ('KOC','Koumac','NC'),
  ('KOE','Kupang Eltari','TL'),
  ('KOI','Kirkwall Kirkwall Arpt Orkney Island','GB'),
  ('KOJ','Kagoshima','JP'),
  ('KOK','Kokkola Pietarsaari Kruunupyy','FI'),
  ('KOP','Nakhon Phanom','TH'),
  ('KOT','Kotlik','US'),
  ('KOU','Koulamoutou','GA'),
  ('KOW','Ganzhou','CN'),
  ('KOY','Olga Bay SPB','US'),
  ('KOZ','Ouzinkie SPB','US'),
  ('KPB','Point Baker SPB','US'),
  ('KPC','Port Clarence','US'),
  ('KPN','Kipnuk SPB','US'),
  ('KPO','Pohang','KR'),
  ('KPR','Port Williams SPB','US'),
  ('KPV','Perryville SPB','US'),
  ('KPY','Port Bailey SPB','US'),
  ('KQA','Akutan','US'),
  ('KRB','Karumba','AU'),
  ('KRF','Kramfors','SE'),
  ('KRI','Kikori','PG'),
  ('KRK','Krakow J Paul II Balice Intl','PL'),
  ('KRL','Korla','CN'),
  ('KRN','Kiruna','SE'),
  ('KRP','Karup','DK'),
  ('KRR','Krasnodar','RU'),
  ('KRS','Kristiansand Kjevik','NO'),
  ('KRT','Khartoum Civil','SD'),
  ('KRY','Karamay','CN'),
  ('KSA','Kosrae','FM'),
  ('KSC','Kosice Barca','SK'),
  ('KSD','Karlstad','SE'),
  ('KSF','Kassel Calden','DE'),
  ('KSH','Kermanshah','IR'),
  ('KSJ','Kasos Island','GR'),
  ('KSL','Kassala','SD'),
  ('KSM','Saint Marys','US'),
  ('KSN','Kostanay','KZ'),
  ('KSO','Kastoria Aristoteles Airport','GR'),
  ('KSQ','Karshi','UZ'),
  ('KSU','Kristiansund Kvernberget','NO'),
  ('KSY','Kars','TR'),
  ('KSZ','Kotlas','RU'),
  ('KTA','Karratha','AU'),
  ('KTB','Thorne Bay','US'),
  ('KTE','Kerteh','MY'),
  ('KTM','Kathmandu Tribhuvan','NP'),
  ('KTN','Ketchikan International','US'),
  ('KTS','Teller Mission Brevig Mission','US'),
  ('KTT','Kittila','FI'),
  ('KTW','Katowice Pyrzowice','PL'),
  ('KUA','Kuantan','MY'),
  ('KUD','Kudat','MY'),
  ('KUF','Samara','RU'),
  ('KUG','Kubin Island','AU'),
  ('KUH','Kushiro','JP'),
  ('KUK','Kasigluk','US'),
  ('KUL','Kuala Lumpur Intl','MY'),
  ('KUN','Kaunas','LT'),
  ('KUO','Kuopio','FI'),
  ('KUS','Kulusuk','GL'),
  ('KUT','Kutaisi','GE'),
  ('KUU','Kulu Bhuntar','IN'),
  ('KUV','Gunsan','KR'),
  ('KVA','Kavala Megas Alexandros Apt','GR'),
  ('KVB','Skovde','SE'),
  ('KVC','King Cove','US'),
  ('KVD','Gyandzha','AZ'),
  ('KVG','Kavieng','PG'),
  ('KVK','Kirovsk','RU'),
  ('KVL','Kivalina','US'),
  ('KWA','Kwajalein','MH'),
  ('KWE','Guiyang','CN'),
  ('KWF','Waterfall SPB','US'),
  ('KWG','Krivoy Rog','UA'),
  ('KWI','Kuwait International','KW'),
  ('KWJ','Gwangju','KR'),
  ('KWK','Kwigillingok','US'),
  ('KWL','Guilin','CN'),
  ('KWM','Kowanyama','AU'),
  ('KWN','Quinhagak Kwinhagak','US'),
  ('KWP','West Point Village SPB','US'),
  ('KWT','Kwethluk','US'),
  ('KWZ','Kolwezi','CD'),
  ('KXA','Kasaan SPB','US'),
  ('KXF','Koro Island','FJ'),
  ('KXK','Komsomolsk Na Amure','RU'),
  ('KYA','Konya','TR'),
  ('KYK','Karluk','US'),
  ('KYN','Milton Keynes','GB'),
  ('KYP','Kyaukpyu','MM'),
  ('KYS','Kayes','ML'),
  ('KYU','Koyukuk','US'),
  ('KYZ','Kyzyl','RU'),
  ('KZB','Zachar Bay SPB','US'),
  ('KZI','Kozani Philippos Airport','GR'),
  ('KZN','Kazan','RU'),
  ('KZO','Kzyl Orda','KZ'),
  ('KZS','Kastelorizo','GR'),
  ('LAD','Luanda 4 de Fevereiro','AO'),
  ('LAE','Lae Nadzab','PG'),
  ('LAI','Lannion Servel','FR'),
  ('LAJ','Lages','BR'),
  ('LAK','Aklavik','CA'),
  ('LAN','Lansing Capital City','US'),
  ('LAO','Laoag','PH'),
  ('LAP','La Paz Leon','MX'),
  ('LAQ','Beida La Braq','LY'),
  ('LAR','Laramie General Brees Field','US'),
  ('LAS','Las Vegas McCarran Intl','US'),
  ('LAU','Lamu','KE'),
  ('LAW','Lawton Municipal','US'),
  ('LAX','Los Angeles International','US'),
  ('LBA','Bradford Leeds','GB'),
  ('LBB','Lubbock Preston Smith International Airport','US'),
  ('LBC','Hamburg Luebeck','DE'),
  ('LBD','Khudzhand','TJ'),
  ('LBE','Latrobe Westmoreland County','US'),
  ('LBF','North Platte Lee Bird Field','US'),
  ('LBG','Paris Le Bourget','FR'),
  ('LBL','Liberal Municipal','US'),
  ('LBP','Long Banga Airfield','MY'),
  ('LBS','Labasa','FJ'),
  ('LBU','Labuan','MY'),
  ('LBV','Libreville','GA'),
  ('LCA','Larnaca','CY'),
  ('LCE','La Ceiba Goloson International','HN'),
  ('LCG','La Coruna','ES'),
  ('LCH','Lake Charles Municipal','US'),
  ('LCJ','Lodz Lublinek','PL'),
  ('LCR','La Chorrera','CO'),
  ('LCY','London City Airport','GB'),
  ('LDB','Londrina','BR'),
  ('LDE','Lourdes Tarbes Tarbes Ossun Lourdes','FR'),
  ('LDH','Lord Howe Island','AU'),
  ('LDN','Lamidanda','NP'),
  ('LDU','Lahad Datu','MY'),
  ('LDV','Landivisiau','FR'),
  ('LDY','Londonderry Eglinton','GB'),
  ('LEA','Learmonth','AU'),
  ('LEB','Lebanon Hanover Regional White River','US'),
  ('LED','St Petersburg Pulkovo','RU'),
  ('LEH','Le Havre Octeville','FR'),
  ('LEI','Almeria','ES'),
  ('LEJ','Halle Leipzig','DE'),
  ('LEN','Leon','ES'),
  ('LER','Leinster','AU'),
  ('LET','Leticia Gen AV Cobo','CO'),
  ('LEV','Bureta Levuka Airfield','FJ'),
  ('LEX','Lexington Blue Grass','US'),
  ('LFM','Lamerd','IR'),
  ('LFT','Lafayette Regional','US'),
  ('LFW','Lome','TG'),
  ('LGA','New York LaGuardia','US'),
  ('LGB','Long Beach Municipal','US'),
  ('LGG','Liege Bierset','BE'),
  ('LGI','Long Island Deadmans Cay','BS'),
  ('LGK','Langkawi','MY'),
  ('LGL','Long Lellang','MY'),
  ('LGP','Legaspi','PH'),
  ('LGQ','Lago Agrio','EC'),
  ('LGW','London Gatwick','GB'),
  ('LHE','Lahore','PK'),
  ('LHG','Lightning Ridge','AU'),
  ('LHR','London Heathrow','GB'),
  ('LHW','Lanzhou Arpt','CN'),
  ('LIF','Lifou','NC'),
  ('LIG','Limoges Bellegarde','FR'),
  ('LIH','Kauai Island Lihue','US'),
  ('LIM','Lima Jorge Chavez International','PE'),
  ('LIN','Milan Linate','IT'),
  ('LIO','Limon','CR'),
  ('LIR','Daniel Oduber Quiros International Airport','CR'),
  ('LIS','Lisbon Lisboa','PT'),
  ('LIT','Little Rock National Airport','US'),
  ('LIW','Loikaw','MM'),
  ('LJG','Lijiang City Lijiang','CN'),
  ('LJU','Ljubljana Brnik','SI'),
  ('LKB','Lakeba','FJ'),
  ('LKE','Seattle Lake Union SPB','US'),
  ('LKG','Lokichoggio','KE'),
  ('LKH','Long Akah','MY'),
  ('LKL','Lakselv Banak','NO'),
  ('LKN','Leknes','NO'),
  ('LKO','Lucknow Amausi','IN'),
  ('LLA','Lulea Kallax','SE'),
  ('LLI','Lalibela','ET'),
  ('LLU','Alluitsup Paa','GL'),
  ('LLW','Lilongwe International','MW'),
  ('LMA','Lake Minchumina','US'),
  ('LMC','Lamacarena','CO'),
  ('LMM','Los Mochis Federal','MX'),
  ('LMN','Limbang','MY'),
  ('LMP','Lampedusa','IT'),
  ('LMT','Klamath Falls Kingsley Field','US'),
  ('LMY','Lake Murray','PG'),
  ('LNB','Lamen Bay','VU'),
  ('LNE','Lonorore','VU'),
  ('LNJ','Lincang','CN'),
  ('LNK','Lincoln Municipal','US'),
  ('LNO','Leonora','AU'),
  ('LNS','Lancaster','US'),
  ('LNV','Lihir Island','PG'),
  ('LNY','Lanai City','US'),
  ('LNZ','Linz Hoersching','AT'),
  ('LOD','Longana','VU'),
  ('LOH','Loja','EC'),
  ('LOS','Lagos Murtala Muhammed','NG'),
  ('LOU','Louisville Bowman Field','US'),
  ('LOV','Monclova','MX'),
  ('LPA','Las Palmas Arpt De Gran Canaria','ES'),
  ('LPB','La Paz El Alto','BO'),
  ('LPD','La Pedrera','CO'),
  ('LPI','Linkoping','SE'),
  ('LPK','Lipetsk','RU'),
  ('LPL','Liverpool John Lennon','GB'),
  ('LPM','Lamap','VU'),
  ('LPP','Lappeenranta','FI'),
  ('LPQ','Luang Prabang','LA'),
  ('LPS','Lopez Island','US'),
  ('LPT','Lampang','TH'),
  ('LPX','Liepaya','LV'),
  ('LPY','Le Puy Loudes','FR'),
  ('LQM','Puerto Leguizamo','CO'),
  ('LRD','Laredo International','US'),
  ('LRE','Longreach','AU'),
  ('LRH','La Rochelle Laleu','FR'),
  ('LRM','La Romana','DO'),
  ('LRR','Lar A P','IR'),
  ('LRS','Leros','GR'),
  ('LRT','Lorient Lann Bihoue','FR'),
  ('LSA','Losuia','PG'),
  ('LSC','La Serena La Florida','CL'),
  ('LSE','La Crosse Municipal','US'),
  ('LSH','Lashio','MM'),
  ('LSI','Shetland Islands Sumburgh','GB'),
  ('LSP','Las Piedras Josefa Camejo','VE'),
  ('LSS','Terre de Haut','GP'),
  ('LST','Launceston','AU'),
  ('LSY','Lismore','AU'),
  ('LTD','Ghadames','LY'),
  ('LTI','Altai','MN'),
  ('LTK','Latakia','SY'),
  ('LTN','London Lunton Luton Airport','GB'),
  ('LTO','Loreto','MX'),
  ('LTT','Saint Tropez La Mole','FR'),
  ('LUA','Lukla','NP'),
  ('LUD','Luderitz','NA'),
  ('LUF','Phoenix Luke AFB','US'),
  ('LUG','Lugano','CH'),
  ('LUL','Laurel Hesler Noble Field','US'),
  ('LUM','Luxi Mangshi','CN'),
  ('LUN','Lusaka','ZM'),
  ('LUO','Luena','AO'),
  ('LUP','Molokai Kalaupapa','US'),
  ('LUQ','San Luis','AR'),
  ('LUR','Cape Lisburne','US'),
  ('LUV','Langgur','ID'),
  ('LUX','Luxembourg','LU'),
  ('LVI','Livingstone','ZM'),
  ('LVO','Laverton','AU'),
  ('LWB','Lewisburg Greenbrier Valley','US'),
  ('LWN','Gyoumri','AM'),
  ('LWO','Lviv Snilow','UA'),
  ('LWS','Lewiston Nez Perce County Rgnl','US'),
  ('LWT','Lewistown Municipal','US'),
  ('LWY','Lawas','MY'),
  ('LXA','Lhasa','CN'),
  ('LXG','Luang Namtha','LA'),
  ('LXR','Luxor','EG'),
  ('LXS','Limnos','GR'),
  ('LYA','Luoyang','CN'),
  ('LYB','Little Cayman','KY'),
  ('LYC','Lycksele','SE'),
  ('LYG','Lianyungang','CN'),
  ('LYH','Lynchburg Preston Glenn Field','US'),
  ('LYI','Linyi','CN'),
  ('LYP','Faisalabad','PK'),
  ('LYR','Longyearbyen Svalbard','SJ'),
  ('LYS','Lyon Satolas','FR'),
  ('LZC','Lazaro Cardenas','MX'),
  ('LZH','Liuzhou','CN'),
  ('LZN','Nangan','TW'),
  ('LZO','Luzhou','CN'),
  ('MAA','Chennai','IN'),
  ('MAB','Maraba','BR'),
  ('MAD','Madrid Barajas','ES'),
  ('MAF','Midland Odessa Regional','US'),
  ('MAG','Madang','PG'),
  ('MAH','Menorca','ES'),
  ('MAJ','Majuro Amata Kabua Intl','MH'),
  ('MAK','Malakal','SD'),
  ('MAM','Matamoros','MX'),
  ('MAN','Manchester International','GB'),
  ('MAO','Manaus Eduardo Gomes Intl','BR'),
  ('MAR','Maracaibo La Chinita','VE'),
  ('MAS','Manus Island Momote','PG'),
  ('MAU','Maupiti','PF'),
  ('MAZ','Mayaguez Eugenio M De Hostos','PR'),
  ('MBA','Mombasa Moi International','KE'),
  ('MBD','Mmabatho International','ZA'),
  ('MBE','Monbetsu','JP'),
  ('MBH','Maryborough','AU'),
  ('MBJ','Montego Bay Sangster Intl','JM'),
  ('MBL','Manistee Blacker','US'),
  ('MBS','Saginaw Bay City Midland Tri City','US'),
  ('MBT','Masbate','PH'),
  ('MBU','Mbambanakira','SB'),
  ('MCE','Merced Municipal Arpt','US'),
  ('MCG','Mcgrath','US'),
  ('MCI','Kansas City International','US'),
  ('MCK','Mccook','US'),
  ('MCM','Monte Carlo Heliport','MC'),
  ('MCN','Macon Lewis B Wilson','US'),
  ('MCO','Orlando International','US'),
  ('MCP','Macapa Internacional','BR'),
  ('MCT','Muscat Seeb','OM'),
  ('MCV','Mcarthur River','AU'),
  ('MCW','Mason City','US'),
  ('MCX','Makhachkala','RU'),
  ('MCY','Sunshine Coast Maroochydore','AU'),
  ('MCZ','Maceio Palmares','BR'),
  ('MDC','Manado Samratulangi','ID'),
  ('MDE','Medellin Jose Marie Cordova','CO'),
  ('MDG','Mudanjiang','CN'),
  ('MDK','Mbandaka','CD'),
  ('MDL','Mandalay Annisaton','MM'),
  ('MDQ','Mar Del Plata','AR'),
  ('MDS','Middle Caicos','TC'),
  ('MDT','Harrisburg Intl','US'),
  ('MDU','Mendi','PG'),
  ('MDW','Chicago Midway','US'),
  ('MDZ','Mendoza El Plumerillo','AR'),
  ('MEC','Manta','EC'),
  ('MED','Madinah Mohammad Bin Abdulaziz','SA'),
  ('MEE','Mare','NC'),
  ('MEG','Malange','AO'),
  ('MEH','Mehamn','NO'),
  ('MEI','Meridian Key Field','US'),
  ('MEL','Melbourne Tullamarine','AU'),
  ('MEM','Memphis International','US'),
  ('MES','Medan Polania','ID'),
  ('MEX','Mexico City Benito Juarez International','MX'),
  ('MEY','Meghauli','NP'),
  ('MFE','McAllen Miller International McAllen','US'),
  ('MFJ','Moala','FJ'),
  ('MFK','Matsu','TW'),
  ('MFM','Macau','MO'),
  ('MFR','Medford Jackson County','US'),
  ('MFU','Mfuwe','ZM'),
  ('MGA','Managua Augusto C Sandino','NI'),
  ('MGB','Mount Gambier','AU'),
  ('MGF','Regional De Maringa','BR'),
  ('MGH','Margate','ZA'),
  ('MGM','Montgomery Dannelly Fld','US'),
  ('MGQ','Mogadishu International','SO'),
  ('MGS','Mangaia Island','CK'),
  ('MGT','Milingimbi','AU'),
  ('MGW','Morgantown','US'),
  ('MGZ','Myeik','MM'),
  ('MHD','Mashad','IR'),
  ('MHG','Mannheim Arpt','DE'),
  ('MHH','Marsh Harbour International','BS'),
  ('MHK','Manhattan Regional Airport','US'),
  ('MHP','Minsk International 1','BY'),
  ('MHQ','Mariehamn','FI'),
  ('MHR','Sacramento Mather AFB','US'),
  ('MHT','Manchester Municipal','US'),
  ('MIA','Miami International','US'),
  ('MID','Merida Rejon','MX'),
  ('MIG','Mian Yang','CN'),
  ('MII','Marilia Dr Gastao Vidigal','BR'),
  ('MIM','Merimbula','AU'),
  ('MIR','Monastir Habib Bourguiba Intl','TN'),
  ('MIS','Misima Island','PG'),
  ('MJA','Manja','MG'),
  ('MJD','Mohenjodaro','PK'),
  ('MJF','Mosjoen Kjaerstad','NO'),
  ('MJI','Mitiga','LY'),
  ('MJK','Monkey Mia Shark Bay','AU'),
  ('MJL','Mouila','GA'),
  ('MJM','Mbuji Mayi','CD'),
  ('MJN','Majunga Amborovy','MG'),
  ('MJT','Mytilene','GR'),
  ('MJV','Murcia San Javier','ES'),
  ('MJZ','Mirnyj','RU'),
  ('MKE','Milwaukee General Mitchell','US'),
  ('MKG','Muskegon','US'),
  ('MKK','Hoolehua Molokai','US'),
  ('MKM','Mukah','MY'),
  ('MKP','Makemo','PF'),
  ('MKQ','Merauke Mopah','ID'),
  ('MKR','Meekatharra','AU'),
  ('MKU','Makokou','GA'),
  ('MKW','Manokwari Rendani','ID'),
  ('MKY','Mackay','AU'),
  ('MLA','Malta Luqa','MT'),
  ('MLB','Melbourne Intl','US'),
  ('MLE','Male International','MV'),
  ('MLG','Malang','ID'),
  ('MLH','Basel Mulhouse EuroAirport French','FR'),
  ('MLI','Moline Quad City','US'),
  ('MLL','Marshall','US'),
  ('MLM','Morelia','MX'),
  ('MLN','Melilla','ES'),
  ('MLO','Milos','GR'),
  ('MLU','Monroe Municipal','US'),
  ('MLX','Malatya','TR'),
  ('MLY','Manley Hot Springs','US'),
  ('MMA','Malmo','SE'),
  ('MMB','Memanbetsu','JP'),
  ('MME','Durham Tees Valley','GB'),
  ('MMG','Mount Magnet','AU'),
  ('MMH','Mammoth Lakes','US'),
  ('MMK','Murmansk','RU'),
  ('MMO','Vila Do Maio','CV'),
  ('MMX','Malmo Sturup','SE'),
  ('MMY','Miyako Jima Hirara','JP'),
  ('MNF','Mana Island Airstrip','FJ'),
  ('MNG','Maningrida','AU'),
  ('MNJ','Mananjary','MG'),
  ('MNL','Manila Ninoy Aquino Intl','PH'),
  ('MNT','Minto','US'),
  ('MNU','Maulmyine','MM'),
  ('MOA','Moa Orestes Acosta','CU'),
  ('MOB','Mobile Municipal Arpt','US'),
  ('MOC','Montes Claros','BR'),
  ('MOD','Modesto Municipal','US'),
  ('MOF','Maumere Waioti','ID'),
  ('MOG','Mong Hsat','MM'),
  ('MOI','Mitiaro Island','CK'),
  ('MOL','Molde Aro','NO'),
  ('MOQ','Morondava','MG'),
  ('MOT','Minot International','US'),
  ('MOU','Mountain Village','US'),
  ('MOV','Moranbah','AU'),
  ('MOZ','Moorea Temae','PF'),
  ('MPA','Mpacha','NA'),
  ('MPH','Caticlan Malay','PH'),
  ('MPL','Montpellier Meditarranee','FR'),
  ('MPM','Maputo International','MZ'),
  ('MPN','Mount Pleasant','FK'),
  ('MPW','Mariupol','UA'),
  ('MQF','Magnitogorsk','RU'),
  ('MQL','Mildura','AU'),
  ('MQM','Mardin','TR'),
  ('MQN','Mo I Rana','NO'),
  ('MQP','Nelspruit Kruger Mpumalanga','ZA'),
  ('MQT','Marquette Sawyer International','US'),
  ('MQX','Makale','ET'),
  ('MRA','Misurata','LY'),
  ('MRD','Merida A Carnevalli','VE'),
  ('MRE','Mara Lodges','KE'),
  ('MRS','Marseille','FR'),
  ('MRU','Mauritius SSeewoosagur RamInt','MU'),
  ('MRV','Mineralnye Vody','RU'),
  ('MRY','Carmel Monterey Peninsula','US'),
  ('MRZ','Moree','AU'),
  ('MSA','Muskrat Dam','CA'),
  ('MSE','Manston Kent International','GB'),
  ('MSJ','Misawa','JP'),
  ('MSL','Florence Muscle Shoals Sheffield','US'),
  ('MSN','Madison Dane County Regional','US'),
  ('MSO','Missoula Johnson Bell Field','US'),
  ('MSP','Minneapolis St Paul International','US'),
  ('MSQ','Minsk International 2','BY'),
  ('MSR','Mus','TR'),
  ('MSS','Massena Richards Field','US'),
  ('MST','Aachen Maastricht','NL'),
  ('MSU','Maseru Moshoeshoe Intl','LS'),
  ('MSW','Massawa','ER'),
  ('MSY','New Orleans Louis Armstrong Intl','US'),
  ('MSZ','Namibe','AO'),
  ('MTJ','Montrose Telluride','US'),
  ('MTM','Metlakatla SPB','US'),
  ('MTR','Monteria S Jeronimo','CO'),
  ('MTS','Manzini Matsapha Intl','SZ'),
  ('MTT','Minatitlan','MX'),
  ('MTV','Mota Lava','VU'),
  ('MTY','Monterrey Gen Mariano Escobedo','MX'),
  ('MUA','Munda','SB'),
  ('MUB','Maun','BW'),
  ('MUC','Munich Franz Josef Strauss','DE'),
  ('MUE','Big Island Kamuela','US'),
  ('MUH','Mersa Matruh','EG'),
  ('MUK','Mauke Island','CK'),
  ('MUN','Maturin Quiriquire','VE'),
  ('MUR','Marudi','MY'),
  ('MUX','Multan','PK'),
  ('MUZ','Musoma','TZ'),
  ('MVB','Franceville Mvengue','GA'),
  ('MVD','Montevideo Carrasco','UY'),
  ('MVP','Mitu','CO'),
  ('MVR','Maroua Salam','CM'),
  ('MVS','Mucuri','BR'),
  ('MVT','Mataiva','PF'),
  ('MVY','Marthas Vineyard','US'),
  ('MWA','Marion Williamson County','US'),
  ('MWF','Maewo','VU'),
  ('MWQ','Magwe','MM'),
  ('MWX','','MG'),
  ('MWZ','Mwanza','TZ'),
  ('MXH','Moro','PG'),
  ('MXL','Mexicali','MX'),
  ('MXM','Morombe','MG'),
  ('MXN','Morlaix','FR'),
  ('MXP','Milan Malpensa','IT'),
  ('MXT','Maintirano','MG'),
  ('MXV','Moron','MN'),
  ('MXX','Mora','SE'),
  ('MXZ','Meixian','CN'),
  ('MYA','Moruya','AU'),
  ('MYD','Malindi','KE'),
  ('MYE','Miyake Jima','JP'),
  ('MYG','Mayaguana','BS'),
  ('MYI','Murray Island','AU'),
  ('MYJ','Matsuyama','JP'),
  ('MYL','Mccall','US'),
  ('MYR','Myrtle Beach AFB','US'),
  ('MYT','Myitkyina','MM'),
  ('MYU','Mekoryuk Ellis Field','US'),
  ('MYW','Mtwara','TZ'),
  ('MYY','Miri','MY'),
  ('MZG','Makung','TW'),
  ('MZH','Merzifon','TR'),
  ('MZI','Mopti','ML'),
  ('MZL','Manizales Santaguida','CO'),
  ('MZO','Manzanillo Sierra Maestra','CU'),
  ('MZR','Mazar I Sharif','AF'),
  ('MZT','Mazatlan Gen Rafael Buelna','MX'),
  ('MZV','Mulu','MY'),
  ('NAA','Narrabri','AU'),
  ('NAC','Naracoorte','AU'),
  ('NAG','Nagpur Sonegaon','IN'),
  ('NAJ','Nakhichevan','AZ'),
  ('NAN','Nadi International','FJ'),
  ('NAO','Nanchong','CN'),
  ('NAP','Naples','IT'),
  ('NAQ','Qaanaaq','GL'),
  ('NAS','Nassau Intl','BS'),
  ('NAT','Sao Gonzalo Do Amarante','BR'),
  ('NAU','Napuka Island','PF'),
  ('NAV','Nevsehir','TR'),
  ('NAW','Narathiwat','TH'),
  ('NAY','Beijing Nanyuan Airport','CN'),
  ('NBC','Naberevnye Chelny','RU'),
  ('NBE','Enfidha','TN'),
  ('NBO','Nairobi Jomo Kenyatta Intl','KE'),
  ('NBW','Guantanamo NAS','CU'),
  ('NBX','Nabire','ID'),
  ('NCA','North Caicos','TC'),
  ('NCE','Nice Cote DAzur','FR'),
  ('NCL','Newcastle Airport','GB'),
  ('NCN','New Chenega','US'),
  ('NCP','Luzon Is Cubi Pt NAS','PH'),
  ('NCU','Nukus','UZ'),
  ('NCY','Annecy Meythe','FR'),
  ('NDB','Nouadhibou','MR'),
  ('NDG','Qiqihar','CN'),
  ('NDJ','Ndjamena','TD'),
  ('NDR','Nador','MA'),
  ('NER','Neryungri','RU'),
  ('NEV','Nevis Newcastle','KN'),
  ('NFO','Niuafoou Mataaho','TO'),
  ('NGB','Ningbo','CN'),
  ('NGE','Ngaoundere','CM'),
  ('NGI','Ngau Island','FJ'),
  ('NGO','Nagoya Chubu Centrair Intl','JP'),
  ('NGS','Nagasaki','JP'),
  ('NHA','Nha Trang','VN'),
  ('NHV','Nuku Hiva','PF'),
  ('NIB','Nikolai','US'),
  ('NIM','Niamey','NE'),
  ('NIP','Jacksonville NAS','US'),
  ('NJC','Nizhnevartovsk','RU'),
  ('NKC','Nouakchott','MR'),
  ('NKG','Nanjing Nanking','CN'),
  ('NKI','Naukiti','US'),
  ('NLA','Ndola','ZM'),
  ('NLD','Nuevo Laredo Intl Quetzalcoatl','MX'),
  ('NLF','Darnley Island','AU'),
  ('NLG','Nelson Lagoon','US'),
  ('NLK','Norfolk Island','NF'),
  ('NLV','Nikolaev','UA'),
  ('NMA','Namangan','UZ'),
  ('NME','Nightmute','US'),
  ('NNB','Santa Ana','SB'),
  ('NNG','Nanning','CN'),
  ('NNL','Nondalton','US'),
  ('NNM','Naryan Mar','RU'),
  ('NNT','Nan','TH'),
  ('NNY','Nanyang','CN'),
  ('NOB','Nosara Beach','CR'),
  ('NOC','Knock International','IE'),
  ('NOJ','Nojabrxsk','RU'),
  ('NOS','Nossi be Fascene','MG'),
  ('NOU','Noumea Tontouta','NC'),
  ('NOV','Huambo','AO'),
  ('NOZ','Novokuznetsk','RU'),
  ('NPE','Napier Hastings Hawkes Bay','NZ'),
  ('NPL','New Plymouth','NZ'),
  ('NQN','Neuquen','AR'),
  ('NQT','Nottingham Airport','GB'),
  ('NQU','Nuqui','CO'),
  ('NQY','Newquay St Mawgan','GB'),
  ('NRA','Narrandera','AU'),
  ('NRK','Norrkoping Kungsangen','SE'),
  ('NRT','Tokyo Narita','JP'),
  ('NSB','Bimini North Seaplane Base','BS'),
  ('NSH','Now Shahr','IR'),
  ('NSI','Yaounde Nsimalen','CM'),
  ('NSK','Norilsk','RU'),
  ('NSN','Nelson','NZ'),
  ('NST','Nakhon Si Thammarat','TH'),
  ('NTE','Nantes Atlantique','FR'),
  ('NTG','Nantong','CN'),
  ('NTL','Newcastle Williamtown','AU'),
  ('NTN','Normanton','AU'),
  ('NTT','Niuatoputapu Kuini Lavenia','TO'),
  ('NUE','Nuremberg Airport','DE'),
  ('NUI','Nuiqsut','US'),
  ('NUK','Nukutavake','PF'),
  ('NUL','Nulato','US'),
  ('NUP','Nunapitchuk','US'),
  ('NUS','Norsup','VU'),
  ('NUX','Novy Urengoy','RU'),
  ('NVA','Neiva La Marguita','CO'),
  ('NVK','Narvik Framnes','NO'),
  ('NVR','Novgorod','RU'),
  ('NVT','Navegantes','BR'),
  ('NWA','Moheli','KM'),
  ('NWI','Norwich Arpt','GB'),
  ('NYK','Nanyuki','KE'),
  ('NYM','Nadym','RU'),
  ('NYO','Stockholm Skavsta','SE'),
  ('NYU','Nyaung u','MM'),
  ('OAG','Orange Springhill','AU'),
  ('OAJ','Jacksonville Albert J Ellis','US'),
  ('OAK','Oakland Metropolitan Oak Intl','US'),
  ('OAM','Oamaru','NZ'),
  ('OAX','Oaxaca Xoxocotlan','MX'),
  ('OBN','Oban Connel','GB'),
  ('OBO','Obihiro','JP'),
  ('OBU','Kobuk Wien','US'),
  ('OBX','Obo','PG'),
  ('OCC','Coca','EC'),
  ('ODN','Long Seridan','MY'),
  ('ODS','Odessa Central','UA'),
  ('ODW','Oak Harbor','US'),
  ('ODY','Oudomxay','LA'),
  ('OER','Ornskoldsvik','SE'),
  ('OFI','Ouango Fitini','CI'),
  ('OGG','Kahului Airport Kahului Maui','US'),
  ('OGN','Yonaguni Jima','JP'),
  ('OGS','Ogdensburg','US'),
  ('OGX','Ouargla Ain Beida','DZ'),
  ('OGZ','Vladikavkaz','RU'),
  ('OHD','Ohrid','MK'),
  ('OHO','Okhotsk','RU'),
  ('OIM','Oshima','JP'),
  ('OIT','Oita','JP'),
  ('OKA','Okinawa Naha','JP'),
  ('OKC','Oklahoma City Will Rogers World','US'),
  ('OKD','Sapporo Okadama','JP'),
  ('OKI','Oki Island','JP'),
  ('OKJ','Okayama','JP'),
  ('OKR','Yorke Island','AU'),
  ('OKY','Oakey','AU'),
  ('OLA','Orland','NO'),
  ('OLB','Olbia Costa Smeralda','IT'),
  ('OLF','Wolf Point International','US'),
  ('OLH','Old Harbor SPB','US'),
  ('OLJ','Olpoi','VU'),
  ('OLP','Olympic Dam','AU'),
  ('OMA','Omaha Eppley Airfield','US'),
  ('OMB','Omboue','GA'),
  ('OMC','Ormoc','PH'),
  ('OMD','Oranjemund','NA'),
  ('OME','Nome','US'),
  ('OMH','Urmieh','IR'),
  ('OMO','Mostar','BA'),
  ('OMR','Oradea','RO'),
  ('OMS','Omsk','RU'),
  ('OND','Ondangwa','NA'),
  ('ONG','Mornington','AU'),
  ('ONJ','Odate Noshiro','JP'),
  ('ONL','Oneill','US'),
  ('ONT','Ontario International','US'),
  ('OOK','Toksook Bay','US'),
  ('OOL','Gold Coast','AU'),
  ('OPF','Miami Opa Locka','US'),
  ('OPO','Porto','PT'),
  ('OPS','Sinop','BR'),
  ('OPU','Balimo','PG'),
  ('ORB','Orebro Bofors','SE'),
  ('ORD','Chicago OHare International','US'),
  ('ORF','Norfolk International','US'),
  ('ORH','Worcester','US'),
  ('ORI','Port Lions SPB','US'),
  ('ORK','Cork','IE'),
  ('ORM','Northampton','GB'),
  ('ORN','Oran Es Senia','DZ'),
  ('ORV','Noorvik Curtis Memorial','US'),
  ('ORY','Paris Orly','FR'),
  ('OSA','Osaka','JP'),
  ('OSD','Ostersund Froesoe','SE'),
  ('OSI','Osijek','HR'),
  ('OSK','Oskarshamn','SE'),
  ('OSL','Oslo Airport','NO'),
  ('OSM','Mosul','IQ'),
  ('OSR','Ostrava Mosnov','CZ'),
  ('OSS','Osh','KG'),
  ('OST','Ostend Railway','BE'),
  ('OSW','Orsk','RU'),
  ('OSY','Namsos','NO'),
  ('OSZ','Koszalin','PL'),
  ('OTH','North Bend','US'),
  ('OTP','Bucharest Otopeni International','RO'),
  ('OTR','Coto 47','CR'),
  ('OTZ','Kotzebue','US'),
  ('OUA','Ouagadougou','BF'),
  ('OUD','Oujda Les Angades','MA'),
  ('OUE','Ouesso','CG'),
  ('OUL','Oulu','FI'),
  ('OUZ','Zouerate','MR'),
  ('OVB','Novosibirsk Tolmachevo','RU'),
  ('OVD','Asturias','ES'),
  ('OWB','Owensboro Daviess County','US'),
  ('OXB','Bissau Osvaldo Vieira','GW'),
  ('OXR','Oxnard Ventura','US'),
  ('OYE','Oyem','GA'),
  ('OYG','Moyo','UG'),
  ('OZC','Ozamis City Labo','PH'),
  ('OZH','Zaporozhye','UA'),
  ('OZZ','Ouarzazate','MA'),
  ('PAD','Paderborn','DE'),
  ('PAH','Paducah Barkley Regional','US'),
  ('PAI','Pailin','KH'),
  ('PAP','Port Au Prince Mais Gate','HT'),
  ('PAS','Paros','GR'),
  ('PAT','Patna','IN'),
  ('PAZ','Poza Rica Tajin','MX'),
  ('PBC','Puebla Huejotsingo','MX'),
  ('PBD','Porbandar','IN'),
  ('PBG','Plattsburgh AFB','US'),
  ('PBH','Paro','BT'),
  ('PBI','West Palm Beach International','US'),
  ('PBJ','Paama','VU'),
  ('PBM','Paramaribo Zanderij Intl','SR'),
  ('PBO','Paraburdoo','AU'),
  ('PBP','Punta Islita','CR'),
  ('PBU','Putao','MM'),
  ('PCL','Pucallpa Capitan Rolden','PE'),
  ('PCR','Puerto Carreno','CO'),
  ('PDA','Puerto Inirida','CO'),
  ('PDB','Pedro Bay','US'),
  ('PDG','Padang Tabing','ID'),
  ('PDL','Ponta Delgada Nordela','PT'),
  ('PDP','Punta Del Este','UY'),
  ('PDS','Piedras Negras','MX'),
  ('PDT','Pendleton','US'),
  ('PDX','Portland International','US'),
  ('PEC','Pelican SPB','US'),
  ('PED','Pardubice','CZ'),
  ('PEE','Perm','RU'),
  ('PEG','Perugia Sant Egidio','IT'),
  ('PEI','Pereira Matecana','CO'),
  ('PEK','Beijing Capital','CN'),
  ('PEM','Puerto Maldonado','PE'),
  ('PEN','Penang International','MY'),
  ('PER','Perth','AU'),
  ('PES','Petrozavodsk','RU'),
  ('PET','Pelotas Federal','BR'),
  ('PEU','Puerto Lempira','HN'),
  ('PEW','Peshawar','PK'),
  ('PEX','Pechora','RU'),
  ('PEZ','Penza','RU'),
  ('PFB','Passo Fundo','BR'),
  ('PFN','Panama City Bay County','US'),
  ('PFO','Paphos International','CY'),
  ('PFQ','Parsabad','IR'),
  ('PGA','Page','US'),
  ('PGF','Perpignan Llabanere','FR'),
  ('PGK','Pangkalpinang','ID'),
  ('PGM','Port Graham','US'),
  ('PGV','Pitt Greenville','US'),
  ('PGX','Perigueux','FR'),
  ('PHC','Port Harcourt','NG'),
  ('PHE','Port Hedland','AU'),
  ('PHF','Hampton Williamsburg Newport News Williamsb','US'),
  ('PHG','Port Harcourt City','NG'),
  ('PHL','Philadelphia International','US'),
  ('PHO','Point Hope','US'),
  ('PHS','Phitsanulok','TH'),
  ('PHW','Phalaborwa','ZA'),
  ('PHX','Phoenix Sky Harbor Intl','US'),
  ('PIA','Greater Peoria','US'),
  ('PIB','Hattiesburg Laurel Reg','US'),
  ('PIE','Clearwater St Petersburg International','US'),
  ('PIF','Pingtung','TW'),
  ('PIH','Pocatello','US'),
  ('PIK','Glasgow Prestwick','GB'),
  ('PIN','Parintins','BR'),
  ('PIP','Pilot Point Arpt','US'),
  ('PIR','Pierre','US'),
  ('PIS','Poitiers Biard','FR'),
  ('PIT','Pittsburgh Intl Apt','US'),
  ('PIU','Piura','PE'),
  ('PIX','Pico Island','PT'),
  ('PIZ','Point Lay Dew Station','US'),
  ('PJA','Pajala','SE'),
  ('PJG','Panjgur','PK'),
  ('PJM','Puerto Jimenez','CR'),
  ('PKA','Napaskiak SPB','US'),
  ('PKB','Parkersburg Marietta Wood County','US'),
  ('PKC','Petropavlovsk Kamchats','RU'),
  ('PKE','Parkes','AU'),
  ('PKG','Pangkor Airport','MY'),
  ('PKK','Pakokku','MM'),
  ('PKP','Puka Puka','PF'),
  ('PKR','Pokhara','NP'),
  ('PKU','Pekanbaru Simpang Tiga','ID'),
  ('PKY','Palangkaraya','ID'),
  ('PKZ','Pakse','LA'),
  ('PLB','Plattsburgh Clinton County','US'),
  ('PLD','Playa Samara','CR'),
  ('PLH','Plymouth','GB'),
  ('PLJ','Placencia','BZ'),
  ('PLM','Palembang Mahmud Badaruddin Ii','ID'),
  ('PLN','Pellston Emmet County','US'),
  ('PLO','Port Lincoln','AU'),
  ('PLQ','Klaipeda Palanga Palanga International','LT'),
  ('PLS','Providenciales International','TC'),
  ('PLU','Belo Horizonte Pampulha','BR'),
  ('PLW','Palu Mutiara','ID'),
  ('PLX','Semipalatinsk','KZ'),
  ('PLZ','Port Elizabeth','ZA'),
  ('PMA','Pemba Wawi','TZ'),
  ('PMC','Puerto Montt Tepual','CL'),
  ('PMD','Palmdale Air Force 42','US'),
  ('PME','Portsmouth','GB'),
  ('PMF','Milan Parma','IT'),
  ('PMI','Palma Mallorca Palma Mallorca','ES'),
  ('PMK','Palm Island','AU'),
  ('PML','Port Moller AFS','US'),
  ('PMO','Palermo Punta Raisi','IT'),
  ('PMR','Palmerston North','NZ'),
  ('PMV','Porlamar DelCaribe Gen S Marino','VE'),
  ('PMW','Palmas','BR'),
  ('PMY','Puerto Madryn El Tehuelche','AR'),
  ('PMZ','Palmar Sur','CR'),
  ('PNA','Pamplona','ES'),
  ('PND','Punta Gorda','BZ'),
  ('PNH','Phnom Penh Pochentong','KH'),
  ('PNI','Pohnpei','FM'),
  ('PNK','Pontianak Supadio','ID'),
  ('PNL','Pantelleria','IT'),
  ('PNP','Popondetta Girua','PG'),
  ('PNQ','Pune Lohegaon','IN'),
  ('PNR','Pointe Noire','CG'),
  ('PNS','Pensacola Regional','US'),
  ('PNZ','Petrolina Internacional','BR'),
  ('POA','Porto Alegre Salgado Filho','BR'),
  ('POG','Port Gentil','GA'),
  ('POL','Pemba','MZ'),
  ('POM','Port Moresby Jackson Fld','PG'),
  ('POP','Puerto Plata La Union','DO'),
  ('POR','Pori','FI'),
  ('POS','Port Of Spain Trinidad Piarco International','TT'),
  ('POU','Poughkeepsie Dutchess County','US'),
  ('POZ','Poznan Lawica','PL'),
  ('PPB','Presidente Prudente A De Barros','BR'),
  ('PPE','Puerto Penasco','MX'),
  ('PPG','Pago Pago International','AS'),
  ('PPK','Petropavlovsk','KZ'),
  ('PPL','Phaplu','NP'),
  ('PPN','Popayan Machangara','CO'),
  ('PPP','Proserpine Whitsunday Coast','AU'),
  ('PPS','Puerto Princesa','PH'),
  ('PPT','Papeete Faaa','PF'),
  ('PPV','Port Protection','US'),
  ('PQC','Phu Quoc Duong Dang','VN'),
  ('PQI','Presque Isle Municipal','US'),
  ('PQM','Palenque International Airport','MX'),
  ('PQQ','Port Macquarie','AU'),
  ('PQS','Pilot Station','US'),
  ('PRC','Prescott','US'),
  ('PRG','Prague Ruzyne','CZ'),
  ('PRI','Praslin Island','SC'),
  ('PRN','Pristina','RS'),
  ('PSA','Pisa Gal Galilei','IT'),
  ('PSC','Pasco Tri Cities','US'),
  ('PSE','Ponce Mercedita','PR'),
  ('PSG','Petersburg Municipal','US'),
  ('PSO','Pasto Cano','CO'),
  ('PSP','Palm Springs International Airport','US'),
  ('PSR','Pescara Liberi','IT'),
  ('PSS','Posadas','AR'),
  ('PSZ','Puerto Suarez','BO'),
  ('PTA','Port Alsworth','US'),
  ('PTF','Malololailai','FJ'),
  ('PTG','Polokwane','ZA'),
  ('PTH','Port Heiden','US'),
  ('PTP','Pointe a Pitre Le Raizet','GP'),
  ('PTU','Platinum','US'),
  ('PTY','Panama City Tocumen International','PA'),
  ('PUB','Pueblo Memorial','US'),
  ('PUF','Pau Uzein','FR'),
  ('PUJ','Punta Cana','DO'),
  ('PUK','Pukarua','PF'),
  ('PUQ','Punta Arenas Pres Ibanez','CL'),
  ('PUS','Busan Gimhae','KR'),
  ('PUU','Puerto Asis','CO'),
  ('PUW','Pullman Moscow Regional','US'),
  ('PUY','Pula','HR'),
  ('PVA','Providencia','CO'),
  ('PVC','Provincetown','US'),
  ('PVD','Providence Theodore Francis','US'),
  ('PVG','Shanghai Pudong international Airport','CN'),
  ('PVH','Porto Velho Belmonte','BR'),
  ('PVK','Lefkas Preveza Aktion','GR'),
  ('PVR','Puerto Vallarta Gustavo Diaz Ordaz','MX'),
  ('PWE','Pevek','RU'),
  ('PWK','Chicago','US'),
  ('PWM','Portland Intl Jetport','US'),
  ('PWQ','Pavlodar','KZ'),
  ('PXM','Puerto Escondido','MX'),
  ('PXO','Porto Santo','PT'),
  ('PXU','Pleiku','VN'),
  ('PYH','Puerto Ayacucho','VE'),
  ('PYJ','Polyarnyj','RU'),
  ('PZB','Pietermaritzburg','ZA'),
  ('PZE','Penzance','GB'),
  ('PZO','Puerto Ordaz','VE'),
  ('PZU','Port Sudan','SD'),
  ('QBC','Bella Coola','CA'),
  ('QDU','Dusseldorf Station','DE'),
  ('QFB','Freiburg','DE'),
  ('QFZ','Saarbruecken HBF Railway Service','DE'),
  ('QJY','Kolobrzeg Bus Service','PL'),
  ('QJZ','Nantes Railway Service','FR'),
  ('QKL','Cologne Railway Service','DE'),
  ('QMZ','Mainz','DE'),
  ('QOW','Owerri','NG'),
  ('QQD','Dover Rail Station','GB'),
  ('QQH','Harwich Rail Station','GB'),
  ('QQK','London Kings Cross Rail Service','GB'),
  ('QQM','Manchester Piccadilly Rail Station','GB'),
  ('QQN','Birmingham New Street Rail Service','GB'),
  ('QQP','London Paddington Rail Service','GB'),
  ('QQR','Ramsgate Rail Station','GB'),
  ('QQS','Britrail Rail Zone S London St Pancras','GB'),
  ('QQU','London Euston Rail Service','GB'),
  ('QQW','London Waterloo','GB'),
  ('QQX','Bath Rail Service','GB'),
  ('QQY','York Rail Service','GB'),
  ('QRH','Rotterdam Central Station','NL'),
  ('QRO','Queretaro','MX'),
  ('QRW','Warri','NG'),
  ('QSF','','DZ'),
  ('QUF','Tallinn Pirita Harbour','EE'),
  ('QUL','Ulm','DE'),
  ('QWB','Berlin HBF Railway Service','DE'),
  ('QWU','Wuerzburg Railway Station','DE'),
  ('QXG','Angers Rail Station','FR'),
  ('QYU','Gavle Railway Service','SE'),
  ('QYX','Uppsala C Railway Service','SE'),
  ('RAB','Rabaul Tokua','PG'),
  ('RAE','Arar','SA'),
  ('RAH','Rafha','SA'),
  ('RAI','Praia Francisco Mendes','CV'),
  ('RAJ','Rajkot Civil','IN'),
  ('RAK','Marrakech Menara','MA'),
  ('RAL','Riverside Municipal','US'),
  ('RAO','Ribeirao Preto Leite Lopes','BR'),
  ('RAP','Rapid City Regional','US'),
  ('RAR','Rarotonga','CK'),
  ('RAS','Rasht','IR'),
  ('RBA','Rabat Sale','MA'),
  ('RBH','Brooks Lodge','US'),
  ('RBQ','Rurrenabaque','BO'),
  ('RBR','Rio Branco Pres Medici','BR'),
  ('RBV','Ramata','SB'),
  ('RBY','Ruby','US'),
  ('RCB','Richards Bay','ZA'),
  ('RCE','Roche Harbor','US'),
  ('RCH','Riohacha','CO'),
  ('RCL','Redcliffe','VU'),
  ('RCM','Richmond','AU'),
  ('RDB','Red Dog','US'),
  ('RDD','Redding','US'),
  ('RDM','Redmond Bend Roberts Field','US'),
  ('RDN','LTS Pulau Redang','MY'),
  ('RDU','Raleigh Durham','US'),
  ('RDV','Red Devil','US'),
  ('RDZ','Rodez Marcillac','FR'),
  ('REA','Reao','PF'),
  ('REC','Recife Guararapes Intl','BR'),
  ('REG','Reggio Calabria Tito Menniti','IT'),
  ('REK','Reykjavik','IS'),
  ('REL','Trelew','AR'),
  ('REN','Orenburg','RU'),
  ('REP','Siem Reap','KH'),
  ('RES','Resistencia','AR'),
  ('REX','Reynosa Gen Lucio Blanco','MX'),
  ('RFD','Greater Rockford','US'),
  ('RFP','Raiatea','PF'),
  ('RGA','Rio Grande','AR'),
  ('RGI','Rangiroa','PF'),
  ('RGL','Rio Gallegos Internacional','AR'),
  ('RGN','Yangon Mingaladon','MM'),
  ('RHI','Rhinelander Oneida County','US'),
  ('RHO','Rhodes Diagoras Airport','GR'),
  ('RIA','Santa Maria Base Aerea','BR'),
  ('RIB','Riberalta Gen Buech','BO'),
  ('RIC','Richmond Intl Byrd Field','US'),
  ('RIG','Rio Grande','BR'),
  ('RIO','Rio De Janeiro','BR'),
  ('RIS','Rishiri','JP'),
  ('RIV','Riverside March AFB','US'),
  ('RIW','Riverton','US'),
  ('RIX','Riga','LV'),
  ('RIY','Riyan Mukalla','YE'),
  ('RJA','Rajahmundry','IN'),
  ('RJK','Rijeka','HR'),
  ('RJN','Rafsanjan','IR'),
  ('RKD','Rockland Knox County Regional','US'),
  ('RKS','Rock Springs Sweetwater County','US'),
  ('RKT','Ras Al Khaimah','AE'),
  ('RKV','Reykjavik Domestic','IS'),
  ('RLG','Rostock Laage Laage','DE'),
  ('RMA','Roma','AU'),
  ('RMF','Marsa Alam','EG'),
  ('RMI','Rimini Miramare','IT'),
  ('RMP','Rampart','US'),
  ('RMQ','Taichung RMQ, Chinese Taipei','TW'),
  ('RNA','Arona Ulawa Airport','SB'),
  ('RNB','Ronneby Kallinge','SE'),
  ('RNL','Rennell','SB'),
  ('RNN','Bornholm','DK'),
  ('RNO','Reno Tahoe Intl','US'),
  ('RNP','Rongelap Island','MH'),
  ('RNS','Rennes St Jacques','FR'),
  ('ROA','Roanoke Municipal','US'),
  ('ROB','Monrovia Roberts Intl','LR'),
  ('ROC','Rochester Monroe County','US'),
  ('ROI','Roi Et Airport','TH'),
  ('ROK','Rockhampton','AU'),
  ('ROM','Rome','IT'),
  ('ROO','Rondonopolis','BR'),
  ('ROP','Rota','MP'),
  ('ROR','Koror Airai','PW'),
  ('ROS','Rosario Fisherton','AR'),
  ('ROT','Rotorua','NZ'),
  ('ROV','Rostov','RU'),
  ('ROW','Roswell International Air Center','US'),
  ('RPR','Raipur','IN'),
  ('RRG','Rodrigues Is','MU'),
  ('RRS','Roros','NO'),
  ('RSA','Santa Rosa','AR'),
  ('RSD','Rock Sound S Eleuthera','BS'),
  ('RSH','Russian Mission Russian SPB','US'),
  ('RSJ','Rosario SPB','US'),
  ('RST','Rochester International Airport','US'),
  ('RSU','Yeosu','KR'),
  ('RSW','Fort Myers Southwest Florida Reg','US'),
  ('RTA','Rotuma Island','FJ'),
  ('RTB','Roatan','HN'),
  ('RTM','Rotterdam Zestienhoven','NL'),
  ('RTW','Saratov','RU'),
  ('RUA','Arua','UG'),
  ('RUH','Riyadh King Khaled Intl','SA'),
  ('RUK','Rukumkot','NP'),
  ('RUM','Rumjatar','NP'),
  ('RUN','St Denis de la Reunion Gillot','RE'),
  ('RUR','Rurutu','PF'),
  ('RUT','Rutland','US'),
  ('RVA','Farafangana','MG'),
  ('RVE','Saravena','CO'),
  ('RVK','Roervik Ryumsjoen Aprt','NO'),
  ('RVN','Rovaniemi','FI'),
  ('RVV','Rairua Raivavae','PF'),
  ('RXS','Roxas City','PH'),
  ('RYK','Rahim Yar Khan','PK'),
  ('RZE','Rzeszow Jasionka','PL'),
  ('RZR','Ramsar','IR'),
  ('RZS','Sawan','IN'),
  ('SAB','Saba Island J Yrausquin','BQ'),
  ('SAC','Sacramento Executive','US'),
  ('SAF','Santa Fe','US'),
  ('SAH','Sanaa International','YE'),
  ('SAL','San Salvador Comalapa International','SV'),
  ('SAN','San Diego Lindbergh Fld SDiego','US'),
  ('SAO','Sao Paulo','BR'),
  ('SAP','San Pedro Sula Ramon Villeda Morales','HN'),
  ('SAQ','San Andros','BS'),
  ('SAT','San Antonio International','US'),
  ('SAV','Hilton Head Savannah','US'),
  ('SAW','Sabiha Gokcen','TR'),
  ('SBA','Santa Barbara Airport','US'),
  ('SBH','St Barthelemy','GP'),
  ('SBL','Santa Ana Yacuma','BO'),
  ('SBN','South Bend Regional','US'),
  ('SBP','San Luis Obispo County Airport','US'),
  ('SBR','Saibai Island','AU'),
  ('SBW','Sibu','MY'),
  ('SBY','Salisbury Ocean City Wicomico Regional','US'),
  ('SBZ','Sibiu','RO'),
  ('SCC','Deadhorse Prudhoe Bay','US'),
  ('SCE','State College University Park','US'),
  ('SCK','Stockton','US'),
  ('SCL','Santiago Arturo Merino Benitez','CL'),
  ('SCM','Scammon Bay SPB','US'),
  ('SCN','Saarbruecken Ensheim','DE'),
  ('SCO','Aktau','KZ'),
  ('SCQ','Santiago De Compostela','ES'),
  ('SCT','Socotra','YE'),
  ('SCU','Santiago Antonio Maceo','CU'),
  ('SCV','Suceava Salcea','RO'),
  ('SCW','Syktyvkar','RU'),
  ('SCX','Salina Cruz','MX'),
  ('SCY','San Cristobal Airport','EC'),
  ('SCZ','Santa Cruz Is','SB'),
  ('SDD','Lubango','AO'),
  ('SDE','Santiago Del Estero','AR'),
  ('SDF','Louisville Standiford Field','US'),
  ('SDG','Sanandaj','IR'),
  ('SDJ','Sendai','JP'),
  ('SDK','Sandakan','MY'),
  ('SDL','Harnosand Sundsvall','SE'),
  ('SDN','Sandane','NO'),
  ('SDP','Sand Point Municipal','US'),
  ('SDQ','Santo Domingo Las Americas','DO'),
  ('SDR','Santander','ES'),
  ('SDT','Saidu Sharif','PK'),
  ('SDU','Rio De Janeiro Santos Dumont','BR'),
  ('SDV','Tel Aviv Yafo Sde Dov','IL'),
  ('SDY','Sidney Richland Municipal','US'),
  ('SDZ','Shetland Islands','GB'),
  ('SEA','Seattle Tacoma Intl','US'),
  ('SEB','Sebha','LY'),
  ('SEL','Seoul','KR'),
  ('SEN','Southend Municipal','GB'),
  ('SEW','Siwa','EG'),
  ('SEZ','Mahe Island Seychelles Intl','SC'),
  ('SFA','Sfax El Maou','TN'),
  ('SFD','San Fernando De Apure Las Flecheras','VE'),
  ('SFE','San Fernando','PH'),
  ('SFG','St Martin Esperance','GP'),
  ('SFJ','Kangerlussuaq','GL'),
  ('SFL','Sao Filipe','CV'),
  ('SFN','Santa Fe','AR'),
  ('SFO','San Francisco International','US'),
  ('SFT','Skelleftea','SE'),
  ('SFY','Springfield','US'),
  ('SGC','Surgut','RU'),
  ('SGD','Sonderborg','DK'),
  ('SGF','Springfield Branson Rg','US'),
  ('SGN','Ho Chi Minh City','VN'),
  ('SGO','St George','AU'),
  ('SGU','Saint George Municipal','US'),
  ('SGX','Songea','TZ'),
  ('SGY','Skagway Municipal','US'),
  ('SHA','Shanghai Hongqiao International Airport','CN'),
  ('SHB','Nakashibetsu','JP'),
  ('SHC','Indaselassie','ET'),
  ('SHD','Staunton Shenandoah Valley','US'),
  ('SHE','Shenyang','CN'),
  ('SHG','Shungnak','US'),
  ('SHH','Shishmaref','US'),
  ('SHJ','Sharjah','AE'),
  ('SHL','Shillong','IN'),
  ('SHM','Shirahama','JP'),
  ('SHP','Qinhuangdao','CN'),
  ('SHR','Sheridan','US'),
  ('SHV','Shreveport Regional','US'),
  ('SHW','Sharurah','SA'),
  ('SHX','Shageluk','US'),
  ('SHY','Shinyanga','TZ'),
  ('SIC','Sinop Arpt','TR'),
  ('SID','Sal Amilcar Cabral Intl','CV'),
  ('SIF','Simara','NP'),
  ('SIG','San Juan Isla Grande','PR'),
  ('SIN','Singapore Changi','SG'),
  ('SIP','Simferopol','UA'),
  ('SIT','Sitka','US'),
  ('SJC','San Jose International','US'),
  ('SJD','Cabo San Lucas Los Cabos','MX'),
  ('SJE','San Jose Del Gua','CO'),
  ('SJF','St John Island','VI'),
  ('SJI','San Jose Mcguire Fld','PH'),
  ('SJJ','Sarajevo Butmir','BA'),
  ('SJK','Sao Jose Dos Campos','BR'),
  ('SJO','San Jose Juan Santamaria Intl','CR'),
  ('SJP','Sao Jose Do Rio Preto','BR'),
  ('SJT','San Angelo Mathis Fld','US'),
  ('SJU','San Juan Luis Munoz Marin Intl','PR'),
  ('SJW','Shijiazhuang Daguocun','CN'),
  ('SJY','Seinajoki Ilmajoki','FI'),
  ('SJZ','Sao Jorge Island','PT'),
  ('SKB','St Kitts Robert L Bradshaw International','KN'),
  ('SKC','Suki','PG'),
  ('SKD','Samarkand','UZ'),
  ('SKE','Skien','NO'),
  ('SKG','Thessaloniki Makedonia Apt','GR'),
  ('SKH','Surkhet','NP'),
  ('SKK','Shaktoolik','US'),
  ('SKN','Stokmarknes Skagen','NO'),
  ('SKO','Sokoto','NG'),
  ('SKP','Skopje','MK'),
  ('SKT','Sialkot','PK'),
  ('SKU','Skiros','GR'),
  ('SKZ','Sukkur','PK'),
  ('SLA','Salta Gen Belgrano','AR'),
  ('SLC','Salt Lake City International','US'),
  ('SLE','Salem Mcnary Field','US'),
  ('SLH','Sola','VU'),
  ('SLI','Solwezi','ZM'),
  ('SLK','Saranac Lake Adirondack','US'),
  ('SLL','Salalah','OM'),
  ('SLM','Salamanca Matacan','ES'),
  ('SLN','Salina','US'),
  ('SLP','San Luis Potosi','MX'),
  ('SLQ','Sleetmute','US'),
  ('SLV','Simla','IN'),
  ('SLW','Saltillo Plan de Guadalupe','MX'),
  ('SLX','Salt Cay','TC'),
  ('SLY','Salekhard','RU'),
  ('SLZ','Sao Luiz Marechal Cunha Machado','BR'),
  ('SMA','Santa Maria Vila Do Porto','PT'),
  ('SMF','Sacramento International','US'),
  ('SMI','Samos','GR'),
  ('SMK','St Michael','US'),
  ('SML','Stella Maris Estate Airstrip','BS'),
  ('SMN','Salmon','US'),
  ('SMR','Santa Marta Simon Bolivar','CO'),
  ('SMS','Sainte Marie','MG'),
  ('SMX','Santa Maria Public','US'),
  ('SNA','Orange County John Wayne','US'),
  ('SNC','Salinas','EC'),
  ('SNE','Sao Nicolau Preguica','CV'),
  ('SNN','Shannon','IE'),
  ('SNO','Sakon Nakhon','TH'),
  ('SNP','Saint Paul Island','US'),
  ('SNR','St Nazaire Montoir','FR'),
  ('SNU','Santa Clara','CU'),
  ('SNW','Thandwe','MM'),
  ('SOB','Balaton Saarmelleek','HU'),
  ('SOC','Solo City Adi Sumarmo','ID'),
  ('SOF','Sofia','BG'),
  ('SOG','Sogndal Haukasen','NO'),
  ('SOJ','Sorkjosen','NO'),
  ('SOM','San Tome El Tigre','VE'),
  ('SON','Espiritu Santo Pekoa','VU'),
  ('SOO','Soderhamn','SE'),
  ('SOQ','Sorong Jefman','ID'),
  ('SOU','Southampton Eastleigh','GB'),
  ('SOV','Seldovia','US'),
  ('SOW','Show Low','US'),
  ('SPB','St Thomas Island SPB','VI'),
  ('SPC','Santa Cruz De La Palma La Palma','ES'),
  ('SPI','Springfield Capital','US'),
  ('SPK','Sapporo','JP'),
  ('SPN','Saipan International','MP'),
  ('SPP','Menongue','AO'),
  ('SPS','Wichita Falls Sheppard AFB','US'),
  ('SPU','Split','HR'),
  ('SQO','Storuman Gunnarn','SE'),
  ('SRA','Santa Rosa','BR'),
  ('SRE','Sucre','BO'),
  ('SRG','Semarang Achmad Uani','ID'),
  ('SRJ','San Borja Capitan G Q Guardia','BO'),
  ('SRP','Stord Airport','NO'),
  ('SRQ','Sarasota Bradenton','US'),
  ('SRV','Stony River','US'),
  ('SRX','Sert','LY'),
  ('SRY','Sary Dashte Naz','IR'),
  ('SSA','Salvador Airport Luis Eduardo Magalhaes','BR'),
  ('SSB','St Croix Island SPB','VI'),
  ('SSG','Malabo Santa Isabel','GQ'),
  ('SSH','Sharm El Sheikh Ophira','EG'),
  ('SSI','Brunswick Mckinnon','US'),
  ('SSJ','Sandnessjoen Stokka','NO'),
  ('SSM','Sault Ste Marie','US'),
  ('SSR','Sara','VU'),
  ('SSY','MBanza Congo','AO'),
  ('STC','Saint Cloud Municipal','US'),
  ('STD','Santo Domingo Mayo Guerrero','VE'),
  ('STG','St George Island','US'),
  ('STI','Cibao International Airport','DO'),
  ('STL','Lambert St Louis Intl','US'),
  ('STM','Santarem Eduardo Gomes','BR'),
  ('STN','London Stansted','GB'),
  ('STO','Stockholm','SE'),
  ('STR','Stuttgart Echterdingen','DE'),
  ('STS','Santa Rosa Sonoma County','US'),
  ('STT','St Thomas Island Cyril E King','VI'),
  ('STV','Surat','IN'),
  ('STW','Stavropol','RU'),
  ('STX','Henry E Rohlsen International Airport','VI'),
  ('SUB','Surabaya Juanda','ID'),
  ('SUF','Lamezia Terme S Eufemia','IT'),
  ('SUG','Surigao','PH'),
  ('SUJ','Satu Mare','RO'),
  ('SUL','Sui','PK'),
  ('SUN','Hailey Sun Valley','US'),
  ('SUR','Summer Beaver','CA'),
  ('SUV','Suva Nausori','FJ'),
  ('SUX','Sioux City Sioux Gateway','US'),
  ('SVA','Savoonga','US'),
  ('SVB','Sambava','MG'),
  ('SVC','Silver City Grant County','US'),
  ('SVD','St Vincent ET Joshua','VC'),
  ('SVG','Stavanger Sola','NO'),
  ('SVI','San Vicente','CO'),
  ('SVJ','Svolvaer Helle','NO'),
  ('SVL','Savonlinna','FI'),
  ('SVO','Moscow Sheremetyevo','RU'),
  ('SVQ','Sevilla','ES'),
  ('SVS','Stevens Village','US'),
  ('SVU','Savusavu','FJ'),
  ('SVX','Ekaterinburg','RU'),
  ('SVZ','San Antonio','VE'),
  ('SWA','Shantou','CN'),
  ('SWF','Stewart Newburgh','US'),
  ('SWJ','South West Bay','VU'),
  ('SWO','Stillwater Regional Airport','US'),
  ('SWS','Swansea Fairwood Comm','GB'),
  ('SXB','Strasbourg Entzheim','FR'),
  ('SXF','Berlin Schoenefeld','DE'),
  ('SXL','Sligo Collooney','IE'),
  ('SXM','St Maarten Princ Juliana','SX'),
  ('SXP','Sheldon Point Sheldon SPB','US'),
  ('SXR','Srinagar','IN'),
  ('SYB','Seal Bay','US'),
  ('SYD','Sydney Kingsford Smith','AU'),
  ('SYJ','Sirjan','IR'),
  ('SYM','Simao','CN'),
  ('SYO','Shonai','JP'),
  ('SYR','Syracuse Hancock Intl','US'),
  ('SYU','Sue Island Warraber Island','AU'),
  ('SYX','Sanya','CN'),
  ('SYY','Stornoway','GB'),
  ('SYZ','Shiraz','IR'),
  ('SZA','Soyo','AO'),
  ('SZB','Kuala Lumpur Sultan Abdul Aziz Shah','MY'),
  ('SZD','Sheffield City Airport','GB'),
  ('SZF','Samsun Carsamba','TR'),
  ('SZG','Salzburg WA Mozart','AT'),
  ('SZV','Suzhou','CN'),
  ('SZX','Shenzhen','CN'),
  ('SZZ','Szczecin Goleniow','PL'),
  ('TAB','Tobago','TT'),
  ('TAC','Tacloban DZ Romualdez','PH'),
  ('TAE','Daegu','KR'),
  ('TAG','Tagbilaran','PH'),
  ('TAH','Tanna','VU'),
  ('TAI','Taiz Al Janad','YE'),
  ('TAK','Takamatsu','JP'),
  ('TAL','Tanana Ralph Calhoun','US'),
  ('TAM','Tampico Gen F Javier Mina','MX'),
  ('TAO','Qingdao','CN'),
  ('TAP','Tapachula International','MX'),
  ('TAS','Tashkent Vostochny','UZ'),
  ('TAT','Poprad Tatry','SK'),
  ('TBB','Tuy Hoa','VN'),
  ('TBG','Tabubil','PG'),
  ('TBH','Tablas','PH'),
  ('TBI','The Bight','BS'),
  ('TBJ','Tabarka','TN'),
  ('TBN','Fort Leonard Wood Forney AAF','US'),
  ('TBO','Tabora','TZ'),
  ('TBP','Tumbes','PE'),
  ('TBS','Tbilisi Novo Alexeyevka','GE'),
  ('TBU','NukuAlofa FuaAmotu Internationa','TO'),
  ('TBW','Tambov','RU'),
  ('TBZ','Tabriz','IR'),
  ('TCB','Treasure Cay','BS'),
  ('TCE','Tulcea','RO'),
  ('TCH','Tchibanga','GA'),
  ('TCI','Tenerife','ES'),
  ('TCO','Tumaco La Florida','CO'),
  ('TCP','Taba International','EG'),
  ('TCQ','Tacna','PE'),
  ('TCR','Tuticorin','IN'),
  ('TCT','Takotna','US'),
  ('TDD','Trinidad','BO'),
  ('TDX','Trat','TR'),
  ('TEB','Teterboro','US'),
  ('TEE','Tbessa','DZ'),
  ('TEK','Tatitlek','US'),
  ('TEN','Tongren','CN'),
  ('TER','Terceira Island Lajes','PT'),
  ('TET','Tete Matunda','MZ'),
  ('TEX','Telluride','US'),
  ('TFI','Tufi','PG'),
  ('TFN','Tenerife Norte Los Rodeos','ES'),
  ('TFS','Tenerife Sur Reina Sofia','ES'),
  ('TGD','Podgorica Golubovci','ME'),
  ('TGG','Kuala Terengganu Sultan Mahmood','MY'),
  ('TGH','Tongoa','VU'),
  ('TGJ','Tiga','NC'),
  ('TGM','Tirgu Mures','RO'),
  ('TGO','Tongliao','CN'),
  ('TGR','Touggourt','DZ'),
  ('TGU','Tegucigalpa Toncontin','HN'),
  ('TGZ','Tuxtla Gutierrez Llano San Juan','MX'),
  ('THE','Teresina','BR'),
  ('THL','Tachilek','MM'),
  ('THN','Trollhattan','SE'),
  ('THO','Thorshofn','IS'),
  ('THS','Sukhothai','TH'),
  ('THU','Pituffik','GL'),
  ('TIA','Tirana Rinas','AL'),
  ('TIF','Taif','SA'),
  ('TIH','Tikehau Atoll','PF'),
  ('TIJ','Tijuana Rodriguez','MX'),
  ('TIM','Tembagapura Timika','ID'),
  ('TIN','Tindouf','DZ'),
  ('TIP','Tripoli International','LY'),
  ('TIQ','Tinian','MP'),
  ('TIR','Tirupati','IN'),
  ('TIS','Thursday Island','AU'),
  ('TIU','Timaru','NZ'),
  ('TIV','Tivat','ME'),
  ('TIZ','Tari','PG'),
  ('TJA','Tarija','BO'),
  ('TJM','Tyumen','RU'),
  ('TJN','Takume','PF'),
  ('TJQ','Tanjung Pandan Bulutumbang','ID'),
  ('TKE','Tenakee Springs Tenakee SPB','US'),
  ('TKG','Bandar Lampung Branti','ID'),
  ('TKJ','Tok','US'),
  ('TKK','Truk','FM'),
  ('TKN','Tokunoshima','JP'),
  ('TKP','Takapoto','PF'),
  ('TKQ','Kigoma','TZ'),
  ('TKS','Tokushima','JP'),
  ('TKU','Turku','FI'),
  ('TKV','Tatakoto','PF'),
  ('TKX','Takaroa','PF'),
  ('TLA','Teller','US'),
  ('TLC','Toluca','MX'),
  ('TLE','Tulear','MG'),
  ('TLH','Tallahassee Municipal','US'),
  ('TLJ','Tatalina AFS','US'),
  ('TLL','Tallinn Ulemiste','EE'),
  ('TLM','Tlemcen Zenata','DZ'),
  ('TLN','Toulon Hyeres','FR'),
  ('TLS','Toulouse Blagnac','FR'),
  ('TLT','Tuluksak','US'),
  ('TLV','Tel Aviv Yafo Ben Gurion Intl','IL'),
  ('TMC','Tambolaka','ID'),
  ('TME','Tame','CO'),
  ('TMJ','Termez','UZ'),
  ('TML','Tamale','GH'),
  ('TMM','Tamatave','MG'),
  ('TMP','Tampere Pirkkala','FI'),
  ('TMR','Tamanrasset Aguemar','DZ'),
  ('TMS','Sao Tome Is','ST'),
  ('TMT','Trombetas','BR'),
  ('TMU','Tambor','CR'),
  ('TMW','Tamworth','AU'),
  ('TMX','Timimoun','DZ'),
  ('TNA','Jinan','CN'),
  ('TNC','Tin City AFS','US'),
  ('TNG','Tangier Boukhalef','MA'),
  ('TNJ','Tanjung Pinang Kidjang','ID'),
  ('TNK','Tununak','US'),
  ('TNN','Tainan','TW'),
  ('TNO','Tamarindo','CR'),
  ('TNR','Antananarivo','MG'),
  ('TOD','Tioman','MY'),
  ('TOE','Tozeur','TN'),
  ('TOF','Tomsk','RU'),
  ('TOG','Togiak Village','US'),
  ('TOH','Torres Airstrip','VU'),
  ('TOL','Toledo Express','US'),
  ('TOM','Tombouctou','ML'),
  ('TOS','Langnes Tromso','NO'),
  ('TOU','Touho','NC'),
  ('TOY','Toyama','JP'),
  ('TPA','Tampa International','US'),
  ('TPE','Taiwan Taoyuan International Airport','TW'),
  ('TPJ','Taplejung','NP'),
  ('TPP','Tarapoto','PE'),
  ('TPQ','Tepic','MX'),
  ('TPS','Trapani Birgi','IT'),
  ('TQR','San Domino Island','IT'),
  ('TRC','Torreon','MX'),
  ('TRD','Trondheim Vaernes','NO'),
  ('TRE','Tiree','GB'),
  ('TRF','Oslo Sandefjord','NO'),
  ('TRG','Tauranga','NZ'),
  ('TRI','Bristol Johnson City Kingsport Tri Cities Regional','US'),
  ('TRK','Tarakan','ID'),
  ('TRN','Turin Citta Di Torino','IT'),
  ('TRO','Taree','AU'),
  ('TRS','Trieste Dei Legionari','IT'),
  ('TRU','Trujillo','PE'),
  ('TRV','Thiruvananthapuram International','IN'),
  ('TRW','Tarawa Bonriki','KI'),
  ('TRZ','Tiruchirapally Civil','IN'),
  ('TSA','Taipei Sung Shan','TW'),
  ('TSE','Astana','KZ'),
  ('TSF','Venice Treviso','IT'),
  ('TSJ','Tsushima','JP'),
  ('TSL','Tamuin','MX'),
  ('TSN','Tianjin','CN'),
  ('TSR','Timisoara','RO'),
  ('TSS','New York East 34th St Heliport','US'),
  ('TST','Trang','TH'),
  ('TSV','Townsville','AU'),
  ('TTA','Tan Tan','MA'),
  ('TTE','Ternate Babullah','ID'),
  ('TTJ','Tottori','JP'),
  ('TTQ','Tortuquero','CR'),
  ('TTT','Taitung','TW'),
  ('TTU','Tetuan Sania Ramel','MA'),
  ('TUA','Tulcan','EC'),
  ('TUB','Tubuai','PF'),
  ('TUC','Tucuman Benj Matienzo','AR'),
  ('TUD','Tambacounda','SN'),
  ('TUF','Tours St Symphorien','FR'),
  ('TUG','Tuguegarao','PH'),
  ('TUI','Turaif','SA'),
  ('TUK','Turbat','PK'),
  ('TUL','Tulsa International','US'),
  ('TUN','Tunis Carthage','TN'),
  ('TUO','Taupo','NZ'),
  ('TUP','Tupelo Lemons Municipal','US'),
  ('TUR','Tucurui','BR'),
  ('TUS','Tucson International','US'),
  ('TUU','Tabuk','SA'),
  ('TVC','Traverse City','US'),
  ('TVF','Thief River Falls Regional','US'),
  ('TVU','Taveuni Matei','FJ'),
  ('TVY','Dawe','MM'),
  ('TWA','Twin Hills','US'),
  ('TWB','Toowoomba','AU'),
  ('TWF','Twin Falls City County','US'),
  ('TWT','Tawitawi','PH'),
  ('TWU','Tawau','MY'),
  ('TXK','Texarkana Municipal','US'),
  ('TXL','Berlin Tegel','DE'),
  ('TXN','Tunxi','CN'),
  ('TYL','Talara','PE'),
  ('TYN','Taiyuan','CN'),
  ('TYR','Tyler Pounds Field','US'),
  ('TYS','Knoxville Mc Ghee Tyson','US'),
  ('TZA','Belize City Municipal','BZ'),
  ('TZN','South Andros','BS'),
  ('TZX','Trabzon','TR'),
  ('UAH','Ua Huka','PF'),
  ('UAK','Narsarsuaq','GL'),
  ('UAP','Ua Pou','PF'),
  ('UAQ','San Juan','AR'),
  ('UAS','Samburu','KE'),
  ('UBA','Uberaba','BR'),
  ('UBJ','Ube','JP'),
  ('UBP','Ubon Ratchathani Muang Ubon','TH'),
  ('UBS','Columbus Lowndes County','US'),
  ('UCT','Ukhta','RU'),
  ('UDI','Uberlandia Eduardo Gomes','BR'),
  ('UDJ','Uzhgorod','UA'),
  ('UDR','Udaipur Dabok','IN'),
  ('UEL','Quelimane','MZ'),
  ('UEO','Kumejima','JP'),
  ('UET','Quetta','PK'),
  ('UFA','Ufa','RU'),
  ('UGB','Pilot Point Ugashik Bay','US'),
  ('UGC','Urgench','UZ'),
  ('UGI','Uganik','US'),
  ('UIB','Quibdo','CO'),
  ('UIH','Qui Nhon','VN'),
  ('UII','Utila','HN'),
  ('UIN','Quincy Municipal','US'),
  ('UIO','Quito Mariscal Sucre','EC'),
  ('UIP','Quimper Pluguffan','FR'),
  ('UKB','Kobe','JP'),
  ('UKK','Ust Kamenogorsk','KZ'),
  ('ULB','Ulei','VU'),
  ('ULN','Ulaanbaatar Buyant Uhaa','MN'),
  ('ULO','Ulaangom','MN'),
  ('ULP','Quilpie','AU'),
  ('ULU','Gulu','UG'),
  ('ULY','Ulyanovsk','RU'),
  ('UMD','Uummannaq','GL'),
  ('UME','Umea','SE'),
  ('UNG','Kiunga','PG'),
  ('UNK','Unalakleet','US'),
  ('UNN','Ranong','TH'),
  ('UPG','Ujung Pandang Hasanudin','ID'),
  ('URA','Uralsk','KZ'),
  ('URC','Urumqi','CN'),
  ('URE','Kuressaare','EE'),
  ('URG','Uruguaiana Ruben Berta','BR'),
  ('URJ','Uraj','RU'),
  ('URO','Rouen Boos','FR'),
  ('URS','Kursk','RU'),
  ('URT','Surat Thani','TH'),
  ('URY','Gurayat','SA'),
  ('USH','Ushuaia Islas Malvinas','AR'),
  ('USK','Usinsk','RU'),
  ('USM','Koh Samui','TH'),
  ('USN','Ulsan','KR'),
  ('USQ','Usak','TR'),
  ('USU','Busuanga','PH'),
  ('UTH','Udon Thani','TH'),
  ('UTN','Upington','ZA'),
  ('UTP','Utapao','TH'),
  ('UTT','Umtata','ZA'),
  ('UUD','Ulan Ude','RU'),
  ('UUN','Baruun Urt','MN'),
  ('UUS','Yuzhno Sakhalinsk','RU'),
  ('UVE','Ouvea','NC'),
  ('UVF','St Lucia Hewanorra','LC'),
  ('UYL','Nyala','SD'),
  ('UYN','Yulin','CN'),
  ('VAA','Vaasa','FI'),
  ('VAI','Vanimo','PG'),
  ('VAK','Chevak','US'),
  ('VAN','Van','TR'),
  ('VAO','Suavanao Airstrip','SB'),
  ('VAR','Varna','BG'),
  ('VAS','Sivas','TR'),
  ('VAV','Vavau Lupepauu','TO'),
  ('VAW','Vardoe','NO'),
  ('VBS','Verona Montichiari','IT'),
  ('VBV','Vanuabalavu','FJ'),
  ('VBY','Visby','SE'),
  ('VCE','Venice Marco Polo','IT'),
  ('VCP','Campinas','BR'),
  ('VCT','Victoria County Foster','US'),
  ('VCV','Victorville George AFB','US'),
  ('VDA','Ovda','IL'),
  ('VDB','Fagernes Valdres','NO'),
  ('VDC','Vitoria Da Conquista','BR'),
  ('VDE','Valverde Hierro','ES'),
  ('VDM','Viedma','AR'),
  ('VDS','Vadso','NO'),
  ('VDZ','Valdez Municipal','US'),
  ('VEE','Venetie','US'),
  ('VEL','Vernal','US'),
  ('VER','Veracruz Las Bajadas','MX'),
  ('VEY','Vestmannaeyjar','IS'),
  ('VFA','Victoria Falls','ZW'),
  ('VGA','Vijayawada','IN'),
  ('VGO','Vigo','ES'),
  ('VGZ','Villagarzon','CO'),
  ('VHC','Saurimo','AO'),
  ('VHM','Vilhelmina','SE'),
  ('VHZ','Vahitahi','PF'),
  ('VIE','Vienna International','AT'),
  ('VIG','El Vigia','VE'),
  ('VII','Vinh City','VN'),
  ('VIJ','Virgin Gorda Airport','VG'),
  ('VIL','Dakhla','MA'),
  ('VIS','Visalia','US'),
  ('VIT','Vitoria','ES'),
  ('VIX','Vitoria Eurico Sales','BR'),
  ('VKG','Rach Gia','VN'),
  ('VKO','Moscow Vnukovo','RU'),
  ('VKT','Vorkuta','RU'),
  ('VLC','Valencia','ES'),
  ('VLD','Valdosta Regional','US'),
  ('VLI','Port Vila Bauerfield','VU'),
  ('VLL','Valladolid','ES'),
  ('VLN','Valencia','VE'),
  ('VLS','Valesdir','VU'),
  ('VLV','Valera Carvajal','VE'),
  ('VNO','Vilnius','LT'),
  ('VNS','Varanasi','IN'),
  ('VNX','Vilanculos','MZ'),
  ('VOG','Volgograd','RU'),
  ('VOL','Volos Nea Anchialos','GR'),
  ('VOZ','Voronezh','RU'),
  ('VPE','Ongiva','AO'),
  ('VPN','Vopnafjordur','IS'),
  ('VPS','Destin Fort Walton Beach','US'),
  ('VPY','Chimoio','MZ'),
  ('VQS','Vieques','PR'),
  ('VRA','Varadero Juan Gualberto Gomez','CU'),
  ('VRC','Virac','PH'),
  ('VRK','Varkaus','FI'),
  ('VRN','Verona','IT'),
  ('VRY','Vaeroy Stolport','NO'),
  ('VSA','Villahermosa Capitan Carlos Perez','MX'),
  ('VSG','Lugansk','UA'),
  ('VST','Stockholm Hasslo Vasteras','SE'),
  ('VTE','Vientiane Wattay','LA'),
  ('VTU','Las Tunas','CU'),
  ('VTZ','Vishakhapatnam','IN'),
  ('VUP','Valledupar','CO'),
  ('VVC','Villavicencio La Vanguardia','CO'),
  ('VVI','Santa Cruz Viru Viru Intl','BO'),
  ('VVO','Vladivostok','RU'),
  ('VVZ','Illizi','DZ'),
  ('VXC','Lichinga','MZ'),
  ('VXE','Sao Vicente San Pedro','CV'),
  ('VXO','Vaxjo','SE'),
  ('WAA','Wales','US'),
  ('WAE','Wadi Ad Dawasir','SA'),
  ('WAG','Wanganui','NZ'),
  ('WAQ','Antsalova','MG'),
  ('WAT','Waterford','IE'),
  ('WAW','Warsaw Frederic Chopin','PL'),
  ('WBB','Stebbins','US'),
  ('WBQ','Beaver','US'),
  ('WDH','Windhoek Hosea Kutako Intl','NA'),
  ('WEF','Weifang','CN'),
  ('WEH','Weihai','CN'),
  ('WEI','Weipa','AU'),
  ('WGA','Wagga Wagga Forrest Hill','AU'),
  ('WGE','Walgett','AU'),
  ('WGP','Waingapu','ID'),
  ('WHF','Wadi Halfa','SD'),
  ('WHK','Whakatane','NZ'),
  ('WIC','Wick','GB'),
  ('WIL','Nairobi Wilson','KE'),
  ('WIN','Winton','AU'),
  ('WJA','Woja','MH'),
  ('WJU','WonJu','KR'),
  ('WKA','Wanaka','NZ'),
  ('WKJ','Wakkanai Hokkaido','JP'),
  ('WKK','Aleknagik','US'),
  ('WLG','Wellington International','NZ'),
  ('WLH','Walaha','VU'),
  ('WLK','Selawik','US'),
  ('WLS','Wallis Island','WF'),
  ('WMK','Meyers Chuck SPB','US'),
  ('WMN','Maroantsetra','MG'),
  ('WMO','White Mountain','US'),
  ('WMR','Mananara','MG'),
  ('WNA','Napakiak SPB','US'),
  ('WNN','Wunnummin Lake','CA'),
  ('WNP','Naga','PH'),
  ('WNR','Windorah','AU'),
  ('WNS','Nawabshah','PK'),
  ('WNZ','Wenzhou','CN'),
  ('WPM','Wipim','PG'),
  ('WRE','Whangarei','NZ'),
  ('WRG','Wrangell SPB','US'),
  ('WRL','Worland','US'),
  ('WRO','Wroclaw Strachowice','PL'),
  ('WSN','South Naknek','US'),
  ('WST','Westerly State','US'),
  ('WSX','Westsound','US'),
  ('WSZ','Westport','NZ'),
  ('WTK','Noatak','US'),
  ('WTL','Tuntutuliak','US'),
  ('WTS','Tsiroanomandidy','MG'),
  ('WUH','Wuhan','CN'),
  ('WUN','Wiluna','AU'),
  ('WUS','Wuyishan','CN'),
  ('WUX','Wuxi','CN'),
  ('WVB','Walvis Bay Rooikop','NA'),
  ('WWK','Wewak Boram','PG'),
  ('WWP','Whale Pass','US'),
  ('WWT','Newtok','US'),
  ('WXN','Wanxian','CN'),
  ('WYA','Whyalla','AU'),
  ('WYS','West Yellowstone Yellowstone','US'),
  ('XAP','Chapeco','BR'),
  ('XBE','Bearskin Lake','CA'),
  ('XBJ','Birjand','IR'),
  ('XCH','Christmas Island','CX'),
  ('XCR','Chalons Sur Marne Vatry Airport','FR'),
  ('XDB','Lille Europe Rail Svc','FR'),
  ('XDS','Ottawa Rail Station','CA'),
  ('XER','Strasbourg Bus Service','FR'),
  ('XET','Baden Baden Karlsruhe Bus Service','DE'),
  ('XEV','Stockholm STO C Railway Service','SE'),
  ('XEZ','Sodertalje S Railway','SE'),
  ('XFF','Calais Frethun Rail Station','FR'),
  ('XFH','Strangnas Railway Service','SE'),
  ('XFJ','Eskilstuna Railway Service','SE'),
  ('XFN','Xiangfan','CN'),
  ('XFP','Malmo Railway Service','SE'),
  ('XFR','Malmo South Railway','SE'),
  ('XFU','Tierp Railway Service','SE'),
  ('XGC','Lund C Railway Service','SE'),
  ('XGM','Grantham Rail Station','GB'),
  ('XGR','Kangiqsualujjuaq','CA'),
  ('XHK','Valence Railway Service','FR'),
  ('XIC','Xichang','CN'),
  ('XIL','Xilinhot','CN'),
  ('XIR','Dresden Railway Station','DE'),
  ('XIT','Leipzig Halle Railway Station','DE'),
  ('XIU','Erfurt Railway Station','DE'),
  ('XIY','Xi An Xianyang','CN'),
  ('XIZ','Reims Champagne Railway Station','FR'),
  ('XKH','Xieng Khouang','LA'),
  ('XKS','Kasabonika','CA'),
  ('XLB','Lac Brochet','CA'),
  ('XLS','St Louis','SN'),
  ('XMH','Manihi','PF'),
  ('XMN','Xiamen','CN'),
  ('XMS','Macas','EC'),
  ('XMY','Yam Island','AU'),
  ('XNA','Northwest Arkansas Regional Airport','US'),
  ('XNE','Newport Gwent Rail Station','GB'),
  ('XNK','Newark Northgate Rail Station','GB'),
  ('XNM','Nottingham Railway Service','GB'),
  ('XNN','Xining','CN'),
  ('XNO','Northallerton Rail Station','GB'),
  ('XNV','Nuneaton Rail Station','GB'),
  ('XOP','Poitiers Rail Station','FR'),
  ('XPF','Penrith Rail Station','GB'),
  ('XPG','Paris Gare du Nord Rail Stn','FR'),
  ('XPJ','Montpellier Railway Station','FR'),
  ('XPT','Preston Rail Station','GB'),
  ('XQG','Berwick Rail Station','GB'),
  ('XQH','Nottingham Railway Station','GB'),
  ('XQL','Lancaster Rail Station','GB'),
  ('XQP','Quepos','CR'),
  ('XQU','Qualicum','CA'),
  ('XRC','Runcorn Rail Station','GB'),
  ('XRE','Reading Railway Service','GB'),
  ('XRF','Marseille Railway Station','FR'),
  ('XRU','Rugby Rail Station','GB'),
  ('XRY','Jerez De La Frontera La Parra','ES'),
  ('XSC','South Caicos International','TC'),
  ('XSH','Tours Railway Service','FR'),
  ('XSI','South Indian Lake','CA'),
  ('XSP','Singapore Seletar','SG'),
  ('XSR','Salisbury Rail Station','GB'),
  ('XTG','Thargomindah','AU'),
  ('XTK','Thirsk Rail Station','GB'),
  ('XTL','Tadoule Lake','CA'),
  ('XUZ','Xuzhou','CN'),
  ('XVA','Stockport Rail Station','GB'),
  ('XVB','Stafford Rail Station','GB'),
  ('XVC','Crewe Rail Station','GB'),
  ('XVG','Darlington Rail Station','GB'),
  ('XVH','Peterborough Rail Station','GB'),
  ('XVJ','Stevenage Rail Station','GB'),
  ('XVU','Durham Rail Station','GB'),
  ('XVW','Wolverhampton Rail Station','GB'),
  ('XWD','Wakefield Westgate Rail Station','GB'),
  ('XWF','Borlange Falun Falun Railway Service','SE'),
  ('XWG','Strasbourg Railway Station','FR'),
  ('XWH','Stoke on Trent Rail Station','GB'),
  ('XWK','Ronneby Karlskrona Rail Svc','SE'),
  ('XWL','Gothenburg Rail','SE'),
  ('XWM','Hallsberg Rail Station','SE'),
  ('XWN','Warrington BQ Rail Station','GB'),
  ('XWP','Hassleholm','SE'),
  ('XWQ','Enkoping','SE'),
  ('XWR','Orebro Railway Service','SE'),
  ('XWS','Swindon Rail Station','GB'),
  ('XWV','Varberg Rail Station','SE'),
  ('XWX','Nassjo Rail Station','SE'),
  ('XWZ','Nykoping','SE'),
  ('XXA','Alvesta','SE'),
  ('XXD','Degerfors Rail Station','SE'),
  ('XXI','Koping Rail Station','SE'),
  ('XXK','Katrineholm','SE'),
  ('XXM','Mjolby Rail Station','SE'),
  ('XXO','Leksand Rail Station','SE'),
  ('XXT','Arboga Rail Station','SE'),
  ('XXU','Hedemora','SE'),
  ('XXZ','Sundsvall Rail Service','SE'),
  ('XYA','Yandina','SB'),
  ('XYB','Borlange Falun Borlange Railway Svc','SE'),
  ('XYC','Herrljunga','SE'),
  ('XYD','Lyon Part Dieu Rail Sv','FR'),
  ('XYF','Falkoping Rail Station','SE'),
  ('XYH','Angelholm Helsingborg Helsingborg Railway','SE'),
  ('XYK','Norrkoping Railway Service','SE'),
  ('XYN','Kristinehamn Rail','SE'),
  ('XYP','Avesta Krylbo','SE'),
  ('XYQ','Angelholm Helsingborg Angelholm Railway Svc','SE'),
  ('XYX','Sala','SE'),
  ('XYY','Arvika Rail Station','SE'),
  ('XYZ','Harnosand Rail Station','SE'),
  ('XZI','Metz Railway Station','FR'),
  ('XZM','Macau Ferry','MO'),
  ('XZN','Avignon Railway Station','FR'),
  ('XZO','Oslo Central Station','NO'),
  ('XZP','Pass Generic','CA'),
  ('XZR','Rail Generic','CA'),
  ('YAA','Anahim Lake','CA'),
  ('YAC','Cat Lake','CA'),
  ('YAG','Fort Frances Municipal','CA'),
  ('YAK','Yakutat','US'),
  ('YAM','Sault Ste Marie','CA'),
  ('YAP','Yap','FM'),
  ('YAT','Attawapiskat','CA'),
  ('YAX','Angling Lake','CA'),
  ('YAY','St Anthony','CA'),
  ('YAZ','Tofino Airport','CA'),
  ('YBB','Kugaaruk','CA'),
  ('YBC','Baie Comeau','CA'),
  ('YBG','Bagotville','CA'),
  ('YBI','Black Tickle','CA'),
  ('YBK','Baker Lake','CA'),
  ('YBL','Campbell River','CA'),
  ('YBP','Yibin','CN'),
  ('YBR','Brandon','CA'),
  ('YBT','Brochet','CA'),
  ('YBV','Berens River','CA'),
  ('YBW','Bedwell Harbor','CA'),
  ('YBX','Blanc Sablon','CA'),
  ('YCB','Cambridge Bay','CA'),
  ('YCD','Nanaimo Arpt','CA'),
  ('YCG','Castlegar','CA'),
  ('YCK','Colville Lake','CA'),
  ('YCO','Coppermine Kugluktuk','CA'),
  ('YCR','Cross Lake','CA'),
  ('YCS','Chesterfield Inlet','CA'),
  ('YCY','Clyde River','CA'),
  ('YDA','Dawson City','CA'),
  ('YDF','Deer Lake','CA'),
  ('YDN','Dauphin','CA'),
  ('YDP','Nain','CA'),
  ('YDQ','Dawson Creek','CA'),
  ('YEA','Edmonton','CA'),
  ('YEG','Edmonton International','CA'),
  ('YEI','Bursa Yenisehir','TR'),
  ('YEK','Arviat','CA'),
  ('YER','Fort Severn','CA'),
  ('YES','Yasouj','IR'),
  ('YEV','Inuvik Mike Zubko','CA'),
  ('YFA','Fort Albany','CA'),
  ('YFB','Iqaluit','CA'),
  ('YFC','Fredericton','CA'),
  ('YFH','Fort Hope','CA'),
  ('YFJ','Snare Lake','CA'),
  ('YFO','Flin Flon','CA'),
  ('YFS','Fort Simpson','CA'),
  ('YFX','Fox Harbour St Lewis','CA'),
  ('YGB','Gillies Bay','CA'),
  ('YGG','Ganges Harbor','CA'),
  ('YGH','Fort Good Hope','CA'),
  ('YGJ','Yonago Miho','JP'),
  ('YGK','Kingston','CA'),
  ('YGL','La Grande','CA'),
  ('YGO','Gods Narrows','CA'),
  ('YGR','Iles De La Madeleine','CA'),
  ('YGT','Igloolik','CA'),
  ('YGV','Havre St Pierre','CA'),
  ('YGW','Kuujjuarapik','CA'),
  ('YGX','Gillam','CA'),
  ('YGZ','Grise Fiord','CA'),
  ('YHA','Port Hope Simpson','CA'),
  ('YHD','Dryden Municipal','CA'),
  ('YHG','Charlottetown','CA'),
  ('YHI','Holman','CA'),
  ('YHK','Gjoa Haven','CA'),
  ('YHM','Hamilton','CA'),
  ('YHO','Hopedale','CA'),
  ('YHP','Poplar Hill','CA'),
  ('YHR','Chevery','CA'),
  ('YHS','Sechelt','CA'),
  ('YHU','Montreal St Hubert','CA'),
  ('YHY','Hay River','CA'),
  ('YHZ','Halifax Stanfield International Airport','CA'),
  ('YIF','Pakuashipi','CA'),
  ('YIH','Yichang','CN'),
  ('YIK','Ivujivik','CA'),
  ('YIN','Yining','CN'),
  ('YIO','Pond Inlet','CA'),
  ('YIP','Detroit Willow Run','US'),
  ('YIV','Garden Hill Island Lk','CA'),
  ('YIW','Yiwu','CN'),
  ('YJT','Stephenville','CA'),
  ('YKA','Kamloops','CA'),
  ('YKF','Kitchener Waterloo International Airport','CA'),
  ('YKG','Kangirsuk','CA'),
  ('YKL','Schefferville','CA'),
  ('YKM','Yakima Air Terminal','US'),
  ('YKQ','Waskaganish','CA'),
  ('YKS','Yakutsk','RU'),
  ('YKT','Klemtu','CA'),
  ('YKU','Chisasibi','CA'),
  ('YLC','Lake Harbour Kimmirut','CA'),
  ('YLE','Lac La Martre Wha Ti','CA'),
  ('YLH','Lansdowne House','CA'),
  ('YLL','Lloydminster','CA'),
  ('YLW','Kelowna','CA'),
  ('YLY','Langley Regional','CA'),
  ('YMH','Marys Harbour','CA'),
  ('YMM','Fort Mcmurray','CA'),
  ('YMN','Makkovik','CA'),
  ('YMO','Moosonee','CA'),
  ('YMQ','Montreal','CA'),
  ('YMT','Chibougamau','CA'),
  ('YMX','Montreal Mirabel','CA'),
  ('YNA','Natashquan','CA'),
  ('YNB','Yanbu','SA'),
  ('YNC','Wemindji','CA'),
  ('YND','Ottawa Gatineau','CA'),
  ('YNE','Norway House','CA'),
  ('YNG','Youngstown','US'),
  ('YNJ','Yanji','CN'),
  ('YNO','North Spirit Lake','CA'),
  ('YNS','Nemiscau','CA'),
  ('YNT','Yantai Laishan','CN'),
  ('YNY','Yangyang','KR'),
  ('YNZ','Yancheng','CN'),
  ('YOC','Old Crow','CA'),
  ('YOG','Ogoki','CA'),
  ('YOH','Oxford House','CA'),
  ('YOJ','High Level Footner Lake','CA'),
  ('YOP','Rainbow Lake','CA'),
  ('YOW','Ottawa International','CA'),
  ('YPB','Port Alberni','CA'),
  ('YPC','Paulatuk','CA'),
  ('YPE','Peace River','CA'),
  ('YPH','Inukjuak','CA'),
  ('YPJ','Aupaluk','CA'),
  ('YPL','Pickle Lake','CA'),
  ('YPM','Pikangikum','CA'),
  ('YPO','Peawanuck','CA'),
  ('YPR','Prince Rupert Digby Island','CA'),
  ('YPW','Powell River','CA'),
  ('YPX','Povungnituk Puvirnituq','CA'),
  ('YQB','Quebec','CA'),
  ('YQC','Quaqtaq','CA'),
  ('YQD','The Pas','CA'),
  ('YQF','Red Deer','CA'),
  ('YQG','Windsor','CA'),
  ('YQK','Kenora','CA'),
  ('YQL','Lethbridge','CA'),
  ('YQM','Greater Moncton International Airport','CA'),
  ('YQN','Nakina','CA'),
  ('YQQ','Comox','CA'),
  ('YQR','Regina','CA'),
  ('YQT','Thunder Bay','CA'),
  ('YQU','Grande Prairie','CA'),
  ('YQX','Gander','CA'),
  ('YQY','Sydney','CA'),
  ('YQZ','Quesnel','CA'),
  ('YRA','Rae Lakes','CA'),
  ('YRB','Resolute','CA'),
  ('YRF','Cartwright','CA'),
  ('YRG','Rigolet','CA'),
  ('YRJ','Roberval','CA'),
  ('YRL','Red Lake','CA'),
  ('YRS','Red Sucker Lake','CA'),
  ('YRT','Rankin Inlet','CA'),
  ('YSB','Sudbury','CA'),
  ('YSG','Snowdrift Lutselke','CA'),
  ('YSJ','Saint John','CA'),
  ('YSK','Sanikiluaq','CA'),
  ('YSM','Fort Smith','CA'),
  ('YSO','Postville','CA'),
  ('YSR','Nanisivik','CA'),
  ('YST','Ste Therese Point','CA'),
  ('YSY','Sachs Harbour','CA'),
  ('YTE','Cape Dorset','CA'),
  ('YTH','Thompson','CA'),
  ('YTL','Big Trout','CA'),
  ('YTO','Guildwood Toronto','CA'),
  ('YTQ','Tasiujuaq','CA'),
  ('YTS','Timmins','CA'),
  ('YTZ','Toronto Island','CA'),
  ('YUB','Tuktoyaktuk','CA'),
  ('YUD','Umiujaq','CA'),
  ('YUL','Montreal Pierre Elliott Trudeau','CA'),
  ('YUM','Yuma International','US'),
  ('YUT','Repulse Bay','CA'),
  ('YUX','Hall Beach','CA'),
  ('YUY','Rouyn','CA'),
  ('YVA','Moroni Iconi','KM'),
  ('YVB','Bonaventure','CA'),
  ('YVM','Qikiqtarjuaq','CA'),
  ('YVO','Val DOr','CA'),
  ('YVP','Kuujjuaq','CA'),
  ('YVQ','Norman Wells','CA'),
  ('YVR','Vancouver Intl','CA'),
  ('YVZ','Deer Lake','CA'),
  ('YWB','Kangiqsujuaq','CA'),
  ('YWG','Winnipeg','CA'),
  ('YWH','Victoria Inner Harbor','CA'),
  ('YWJ','Deline','CA'),
  ('YWK','Wabush','CA'),
  ('YWL','Williams Lake','CA'),
  ('YWM','Williams Harbour','CA'),
  ('YWP','Webequie','CA'),
  ('YWS','Whistler','CA'),
  ('YXC','Cranbrook','CA'),
  ('YXE','Saskatoon','CA'),
  ('YXH','Medicine Hat','CA'),
  ('YXJ','Fort St John','CA'),
  ('YXK','Rimouski','CA'),
  ('YXL','Sioux Lookout','CA'),
  ('YXN','Whale Cove','CA'),
  ('YXP','Pangnirtung','CA'),
  ('YXS','Prince George','CA'),
  ('YXT','Terrace','CA'),
  ('YXU','London International','CA'),
  ('YXX','Abbotsford','CA'),
  ('YXY','Whitehorse','CA'),
  ('YYB','North Bay','CA'),
  ('YYC','Calgary International','CA'),
  ('YYD','Smithers','CA'),
  ('YYE','Fort Nelson','CA'),
  ('YYF','Penticton','CA'),
  ('YYG','Charlottetown','CA'),
  ('YYH','Taloyoak','CA'),
  ('YYJ','Victoria International','CA'),
  ('YYL','Lynn Lake','CA'),
  ('YYR','Goose Bay','CA'),
  ('YYT','St Johns','CA'),
  ('YYU','Kapuskasing','CA'),
  ('YYY','Mont Joli','CA'),
  ('YYZ','Toronto Pearson International','CA'),
  ('YZF','Yellowknife','CA'),
  ('YZG','Salluit','CA'),
  ('YZP','Sandspit','CA'),
  ('YZR','Sarnia','CA'),
  ('YZS','Coral Harbour','CA'),
  ('YZT','Port Hardy','CA'),
  ('YZV','Sept Iles','CA'),
  ('ZAC','York Landing','CA'),
  ('ZAD','Zadar','HR'),
  ('ZAG','Zagreb Pleso','HR'),
  ('ZAH','Zahedan','IR'),
  ('ZAL','Valdivia Pichoy','CL'),
  ('ZAM','Zamboanga','PH'),
  ('ZAQ','Nuremberg HBF Railway Service','DE'),
  ('ZAT','Zhaotong','CN'),
  ('ZAZ','Zaragoza','ES'),
  ('ZBF','Bathurst','CA'),
  ('ZBL','Biloela','AU'),
  ('ZBR','Chah Bahar','IR'),
  ('ZCB','Aschaffenburg','DE'),
  ('ZCL','Zacatecas La Calera','MX'),
  ('ZCO','Temuco','CL'),
  ('ZDH','Basel Mulhouse SBB Railway Service','CH'),
  ('ZDN','Brno Bus Service','CZ'),
  ('ZDU','Dundee ScotRail','GB'),
  ('ZEL','Bella Bella','CA'),
  ('ZEM','East Main','CA'),
  ('ZEP','London Rail','GB'),
  ('ZEU','Goettingen','DE'),
  ('ZFJ','Gare de Rennes','FR'),
  ('ZFM','Fort Mcpherson','CA'),
  ('ZFN','Fort Norman Tulita','CA'),
  ('ZFQ','Gare de Bordeaux','FR'),
  ('ZFV','Philadelphia 30st Rail Station','US'),
  ('ZGG','Glasgow ScotRail','GB'),
  ('ZGH','Copenhagen Rail Station','DK'),
  ('ZGI','Gods River','CA'),
  ('ZGN','Zhongshan Ferry Port','DE'),
  ('ZGO','Gotha Railway','DE'),
  ('ZGS','Gethsemani','CA'),
  ('ZGU','Gaua','VU'),
  ('ZHA','Zhanjiang','CN'),
  ('ZIG','Ziguinchor','SN'),
  ('ZIH','Ixtapa Zihuatanejo Internacional','MX'),
  ('ZIV','Inverness ScotRail','GB'),
  ('ZKE','Kaschechewan','CA'),
  ('ZKG','Kegaska','CA'),
  ('ZLN','Le Mans Rail Station','FR'),
  ('ZLO','Manzanillo','MX'),
  ('ZLS','Liverpool Street Stn Railway Service','GB'),
  ('ZLT','La Tabatiere','CA'),
  ('ZMB','Hamburg Railway Service','DE'),
  ('ZME','Newark Metropark Rail','US'),
  ('ZMT','Masset','CA'),
  ('ZMU','Munich HBF Railway Service','DE'),
  ('ZNA','Nanaimo Harbour','CA'),
  ('ZNE','Newman','AU'),
  ('ZNQ','Ingolstadt','DE'),
  ('ZNZ','Zanzibar Kisauni','TZ'),
  ('ZOS','Osorno Canal Balo','CL'),
  ('ZPB','Sachigo Lake','CA'),
  ('ZPM','Regensburg Railway Service','DE'),
  ('ZQN','Queenstown Frankton','NZ'),
  ('ZQW','Saarbruecken','DE'),
  ('ZRB','Frankfurt HBF Railway Service','DE'),
  ('ZRH','Zurich','CH'),
  ('ZRJ','Round Lake','CA'),
  ('ZRP','Newark NJ Rail','US'),
  ('ZSA','San Salvador','BS'),
  ('ZSE','St Pierre dela Reunion','RE'),
  ('ZSJ','Sandy Lake','CA'),
  ('ZTA','Tureira','PF'),
  ('ZTB','Tete a La Baleine','CA'),
  ('ZTF','Westchester County Stamford Rail STN','US'),
  ('ZTH','Zakinthos Is','GR'),
  ('ZTM','Shamattawa','CA'),
  ('ZUH','Zhuhai Airport','CN'),
  ('ZUM','Churchill Falls','CA'),
  ('ZVE','New Haven Rail','US'),
  ('ZVK','Savannakhet','LA'),
  ('ZVR','Hanover Railway','DE'),
  ('ZWI','Wilmington Rail','US'),
  ('ZWS','Stuttgart Railway Service','DE'),
  ('ZXA','Aberdeen ScotRail','GB'),
  ('ZXE','Edinburgh ScotRail','GB'),
  ('ZYL','Sylhet Civil','BD'),
  ('ZYN','Nimes Railway','FR'),
  ('ZYR','Brussels Midi Railway Station','BE'),
  ('ZYZ','Antwerp Berchem Railway Stn','BE');

-- -----------------------------------------------------
-- Add data in table `donkeyair`.`plane`
-- -----------------------------------------------------

INSERT INTO `plane` (`model`,`capacity_first_class`,`capacity_second_class`,`capacity_economic_class`)
VALUES
  ("EMBRAER 190",0,16,84),
  ("EMBRAER 175",0,10,78),
  ("AIRBUS A318-100",4,14,113),
  ("BOEING 737-700",4,22,127),
  ("AIRBUS A321",6,32,174),
  ("AIRBUS A330-200",6,34,184),
  ("BOEING 777-200ER",6,46,246),
  ("BOEING 787-9 DREAMLINER",6,40,233),
  ("AIRBUS A350-900",8,50,266),
  ("BOEING 777-300ER",10,60,338);


  -- -----------------------------------------------------
-- Add data in table `donkeyair`.`flight`
-- -----------------------------------------------------


INSERT INTO `flight` (`departure_date`,`arrival_date`,`price`,`airport_from_code`,`airport_to_code`,`plane_id`)
VALUES


  ("2021-01-02 15:38:31","2021-01-02 23:55:27","364.29","KSA","YMO",3),
  ("2020-12-09 00:09:10","2020-12-09 02:23:27","116.56","SDF","JDH",2),
  ("2021-11-23 14:29:04","2021-11-23 18:22:00","851.70","TWU","JER",6),
  ("2022-02-22 02:01:35","2022-02-22 18:51:39","695.09","YGV","CAE",7),
  ("2021-11-30 01:07:29","2021-11-30 19:13:37","753.15","MEG","OBO",3),
  ("2022-07-24 12:01:34","2022-07-24 00:21:05","1142.54","WGE","QFZ",10),
  ("2022-11-16 07:28:34","2022-11-16 22:24:54","1994.16","TMM","KDL",1),
  ("2022-08-25 10:34:48","2022-08-25 16:10:28","1179.55","IKS","HRE",1),
  ("2021-08-28 09:34:49","2021-08-28 04:46:52","61.44","LUN","ISP",1),
  ("2021-11-12 09:41:51","2021-11-12 08:58:24","1721.39","LDY","NEV",8),
  ("2022-05-01 23:55:59","2022-05-01 16:00:14","375.25","SLI","GRZ",1),
  ("2021-10-27 01:14:28","2021-10-27 11:45:43","5.17","CRK","VRC",2),
  ("2021-08-04 18:52:30","2021-08-04 22:23:30","781.29","UIO","GAF",7),
  ("2022-06-22 18:02:14","2022-06-22 14:29:25","835.20","JIB","HOI",3),
  ("2022-01-03 08:22:57","2022-01-03 02:10:54","1697.16","WYA","PEU",10),
  ("2021-01-02 05:13:32","2021-01-02 20:32:42","937.63","YQY","TLJ",3),
  ("2022-04-27 12:18:30","2022-04-27 16:06:46","1372.55","IXJ","KUV",9),
  ("2020-12-08 19:36:11","2020-12-08 17:44:20","595.79","BND","HNA",5),
  ("2021-02-23 12:34:28","2021-02-23 10:34:10","1050.90","NKI","GOH",1),
  ("2021-09-03 23:32:18","2021-09-03 15:07:12","1403.86","YGL","GRU",7),
  ("2021-03-13 14:37:06","2021-03-13 17:28:11","196.62","ZFV","MZR",9),
  ("2021-08-06 13:07:45","2021-08-06 03:12:20","233.76","AVL","CQD",7),
  ("2021-07-16 10:08:19","2021-07-16 15:35:53","898.93","TTT","YWB",1),
  ("2021-04-18 12:17:03","2021-04-18 06:36:28","1871.60","NVK","GLA",3),
  ("2021-04-23 05:46:19","2021-04-23 19:25:23","715.04","NAN","OMR",1),
  ("2021-02-01 16:56:06","2021-02-01 08:06:13","991.57","MOA","ENE",6),
  ("2022-03-25 16:28:23","2022-03-25 03:39:34","1059.62","SFJ","URJ",4),
  ("2021-10-17 16:57:45","2021-10-17 19:04:57","807.50","SHC","MAB",4),
  ("2022-02-24 12:53:48","2022-02-24 13:03:57","1667.20","ANU","SHP",8),
  ("2021-06-20 22:48:45","2021-06-20 07:00:21","534.74","VIX","QYU",6),
  ("2021-09-01 23:51:10","2021-09-01 01:27:00","1500.15","CUU","BEG",2),
  ("2021-08-20 04:05:41","2021-08-20 15:11:37","1105.92","HAS","PQC",2),
  ("2022-06-07 13:32:42","2022-06-07 12:32:00","1727.77","BUD","VTE",3),
  ("2021-11-12 00:08:48","2021-11-12 22:01:50","1327.99","POG","GLO",9),
  ("2022-04-30 08:16:36","2022-04-30 04:02:00","1295.53","DOK","BHD",2),
  ("2022-07-07 14:51:46","2022-07-07 07:47:27","418.56","BNA","JRB",5),
  ("2021-07-29 21:37:13","2021-07-29 14:48:22","1515.81","JVA","XTL",7),
  ("2021-01-02 08:43:52","2021-01-02 18:42:15","855.43","KEW","INN",3),
  ("2022-09-24 03:15:56","2022-09-24 10:32:02","120.59","TEK","BNE",9),
  ("2021-10-27 01:38:14","2021-10-27 04:38:21","1746.66","LRD","YGJ",5),
  ("2022-01-15 22:28:21","2022-01-15 05:43:56","69.43","TEX","JOI",7),
  ("2021-02-06 15:09:30","2021-02-06 16:39:59","1199.79","MDW","CLM",8),
  ("2021-06-10 14:24:22","2021-06-10 04:35:35","892.58","WLK","ROK",5),
  ("2022-01-02 08:52:29","2022-01-02 09:50:56","734.87","OZZ","UDR",7),
  ("2022-01-28 12:13:02","2022-01-28 23:34:50","1048.72","XWH","AJA",8),
  ("2022-08-06 00:43:14","2022-08-06 09:30:16","868.86","SDQ","ASR",9),
  ("2022-09-05 07:37:04","2022-09-05 00:25:16","1485.03","HDB","XWL",1),
  ("2022-04-18 15:57:36","2022-04-18 01:48:40","219.08","ARV","BXU",7),
  ("2021-05-25 17:22:23","2021-05-25 10:41:08","196.30","MYU","HYG",10),
  ("2022-08-01 14:04:33","2022-08-01 16:06:39","1997.36","MYA","OKR",2),
  ("2021-05-12 10:45:10","2021-05-12 03:27:17","563.58","FRW","PPG",9),
  ("2021-12-19 15:32:48","2021-12-19 05:37:03","1546.52","YBR","TRG",8),
  ("2022-11-17 03:30:27","2022-11-17 07:09:46","679.74","ICI","TLN",9),
  ("2022-09-12 16:33:40","2022-09-12 21:22:17","321.60","ROB","JMS",10),
  ("2021-11-22 04:11:31","2021-11-22 04:22:49","1722.22","VSA","LAI",5),
  ("2022-03-31 21:42:51","2022-03-31 08:33:21","372.91","IBA","YBT",2),
  ("2022-08-20 17:59:56","2022-08-20 14:17:18","1654.51","WVB","ITH",3),
  ("2022-10-25 11:46:40","2022-10-25 12:48:41","1686.80","MAD","MDC",3),
  ("2020-11-25 16:58:13","2020-11-25 09:05:23","681.75","AGV","QQP",1),
  ("2022-01-17 03:44:39","2022-01-17 07:58:41","1207.41","ABA","AUU",4),
  ("2021-06-08 20:19:16","2021-06-08 02:41:20","553.18","AJL","LSE",4),
  ("2021-06-01 03:05:04","2021-06-01 21:19:29","1265.57","UET","CPX",8),
  ("2022-03-26 22:50:59","2022-03-26 23:31:08","1110.66","SBN","MZG",2),
  ("2022-01-01 23:59:01","2022-01-01 19:29:31","285.77","CAB","TBZ",5),
  ("2022-08-21 10:17:09","2022-08-21 10:06:29","1997.60","MUX","YZT",1),
  ("2022-02-25 18:51:12","2022-02-25 17:16:56","270.39","WNA","IAS",10),
  ("2022-02-01 09:49:59","2022-02-01 12:14:44","720.85","KIK","FOC",3),
  ("2021-10-26 02:10:12","2021-10-26 02:54:20","1931.98","AMS","NSI",3),
  ("2021-11-13 00:54:41","2021-11-13 06:41:11","1400.25","YNY","VRN",3),
  ("2021-09-29 06:04:57","2021-09-29 13:22:26","1011.50","BUS","GAF",4),
  ("2021-08-09 16:16:49","2021-08-09 15:52:45","1485.41","BQK","MKY",7),
  ("2022-09-19 13:41:23","2022-09-19 19:29:48","761.75","CZN","YNZ",2),
  ("2022-02-12 13:52:12","2022-02-12 01:23:56","1553.78","YOG","ZGN",6),
  ("2020-12-11 04:55:24","2020-12-11 21:36:51","1522.43","SVJ","YZG",2),
  ("2022-07-04 20:32:27","2022-07-04 19:12:07","191.06","NFO","CZN",1),
  ("2022-06-24 17:19:06","2022-06-24 19:41:33","298.62","HFE","FGU",2),
  ("2022-05-05 10:27:11","2022-05-05 15:59:41","1014.96","JKT","LBL",6),
  ("2021-07-30 10:31:58","2021-07-30 09:14:24","672.97","ROK","MSO",10),
  ("2021-01-04 00:19:23","2021-01-04 20:00:58","852.29","ZAT","OZC",4),
  ("2021-04-19 02:35:18","2021-04-19 19:23:44","1710.69","OZZ","SMS",3),
  ("2022-09-12 23:20:19","2022-09-12 04:27:06","636.14","KGI","KYA",2),
  ("2022-06-13 16:12:35","2022-06-13 16:52:56","625.73","XLS","BPN",8),
  ("2021-05-29 18:42:44","2021-05-29 09:06:05","110.13","AXA","HAE",6),
  ("2021-12-30 16:59:19","2021-12-30 21:56:28","1662.91","MDW","CZS",3),
  ("2020-11-20 07:22:55","2020-11-20 07:28:09","341.80","DAL","BDA",8),
  ("2021-11-01 10:56:54","2021-11-01 13:56:55","1625.60","GBT","BAS",7),
  ("2021-08-07 19:44:46","2021-08-07 06:06:44","365.93","MJA","XWH",6),
  ("2021-07-11 22:41:27","2021-07-11 16:02:19","126.90","KZI","YWJ",2),
  ("2022-02-01 20:32:26","2022-02-01 20:58:23","1867.64","HSN","TRN",2),
  ("2021-06-23 10:55:23","2021-06-23 19:05:47","920.21","RTB","TUB",9),
  ("2022-09-05 16:26:56","2022-08-05 02:01:51","226.23","MJD","TKX",1),
  ("2022-08-07 21:39:18","2022-07-07 10:27:10","1042.30","ISN","PET",2),
  ("2021-01-16 00:43:33","2021-01-16 09:06:38","798.72","SSJ","ASV",9),
  ("2021-08-11 08:30:33","2021-08-11 06:14:10","1925.27","OMD","PQQ",3),
  ("2021-06-14 21:07:20","2021-06-14 22:50:19","782.92","KGE","YRA",5),
  ("2021-08-20 09:51:40","2021-08-20 04:35:57","1078.16","PET","MED",9),
  ("2021-10-17 11:38:34","2021-10-17 06:06:33","776.61","LBF","YHM",7),
  ("2022-07-17 16:49:30","2022-07-17 13:41:35","743.92","BGI","OTR",6),
  ("2022-02-05 12:03:25","2022-02-05 03:15:12","316.24","TJQ","SSB",3),
  ("2022-03-23 07:16:45","2022-03-23 14:44:28","613.52","VIT","EVE",5);


-- -----------------------------------------------------
-- Add data in table `donkeyair`.`ticket`
-- -----------------------------------------------------


INSERT INTO `ticket` (`booking_id`,`passenger_id`,`flight_id`,`class_id`)
VALUES
  (2,3,17,3),
  (5,3,58,2),
  (8,2,88,2),
  (8,3,91,2),
  (1,2,57,3),
  (8,4,11,2),
  (5,3,61,2),
  (4,4,9,2),
  (4,2,39,2),
  (8,4,90,3),
  (9,4,73,1),
  (8,5,55,3),
  (6,2,78,2),
  (11,5,96,2),
  (3,2,22,2),
  (10,4,10,1),
  (4,4,70,3),
  (7,1,98,3),
  (11,3,65,2),
  (8,1,91,2),
  (2,4,88,3),
  (1,2,31,2),
  (5,2,13,1),
  (5,5,28,1),
  (10,4,33,1),
  (2,2,27,2),
  (5,2,80,2),
  (2,3,1,3),
  (4,4,82,3),
  (10,4,89,2);